position	OR	rep	guide	start	
9756356	0.105082294	r1	ACACAGGACAGGAACTTGGA	9756355	
9756356	-0.215725502	r2	ACACAGGACAGGAACTTGGA	9756355	
9756356	-0.011826926	r3	ACACAGGACAGGAACTTGGA	9756355	
9756358	0.105082294	r1	ACACAGGACAGGAACTTGGA	9756355	
9756358	-0.215725502	r2	ACACAGGACAGGAACTTGGA	9756355	
9756358	-0.011826926	r3	ACACAGGACAGGAACTTGGA	9756355	
9760779	-0.079711259	r1	AGAGAACAGCTCTTTGCATC	9760775	
9760779	0.011949987	r2	AGAGAACAGCTCTTTGCATC	9760775	
9760779	0.121817406	r3	AGAGAACAGCTCTTTGCATC	9760775	
9763122	-0.238144456	r1	TATGCCTTCAATTATATGGA	9763118	
9763122	0.190286709	r2	TATGCCTTCAATTATATGGA	9763118	
9763122	-0.199265861	r3	TATGCCTTCAATTATATGGA	9763118	
9763123	-0.238144456	r1	TATGCCTTCAATTATATGGA	9763118	
9763123	0.190286709	r2	TATGCCTTCAATTATATGGA	9763118	
9763123	-0.199265861	r3	TATGCCTTCAATTATATGGA	9763118	
9763122	-0.210674731	r1	ATGCCTTCAATTATATGGAA	9763119	
9763122	-0.190813073	r2	ATGCCTTCAATTATATGGAA	9763119	
9763122	-0.137588063	r3	ATGCCTTCAATTATATGGAA	9763119	
9763123	-0.210674731	r1	ATGCCTTCAATTATATGGAA	9763119	
9763123	-0.190813073	r2	ATGCCTTCAATTATATGGAA	9763119	
9763123	-0.137588063	r3	ATGCCTTCAATTATATGGAA	9763119	
9763126	-0.210674731	r1	ATGCCTTCAATTATATGGAA	9763119	
9763126	-0.190813073	r2	ATGCCTTCAATTATATGGAA	9763119	
9763126	-0.137588063	r3	ATGCCTTCAATTATATGGAA	9763119	
9763126	-0.186583589	r1	ACTCCCTTCCATATAATTGA	9763125	
9763126	0.130864085	r2	ACTCCCTTCCATATAATTGA	9763125	
9763126	-0.065449749	r3	ACTCCCTTCCATATAATTGA	9763125	
9763179	-0.231823523	r1	AAAGTTCCTCATTTGATGTA	9763173	
9763179	-0.300459977	r2	AAAGTTCCTCATTTGATGTA	9763173	
9763179	-0.25249072	r3	AAAGTTCCTCATTTGATGTA	9763173	
9763180	-0.231823523	r1	AAAGTTCCTCATTTGATGTA	9763173	
9763180	-0.300459977	r2	AAAGTTCCTCATTTGATGTA	9763173	
9763180	-0.25249072	r3	AAAGTTCCTCATTTGATGTA	9763173	
9763260	-0.00457404	r1	TCCGTCTGAGAAAGAGACAG	9763259	
9763260	0.130046249	r2	TCCGTCTGAGAAAGAGACAG	9763259	
9763260	-0.056293734	r3	TCCGTCTGAGAAAGAGACAG	9763259	
9763261	-0.00457404	r1	TCCGTCTGAGAAAGAGACAG	9763259	
9763261	0.130046249	r2	TCCGTCTGAGAAAGAGACAG	9763259	
9763261	-0.056293734	r3	TCCGTCTGAGAAAGAGACAG	9763259	
9763264	-0.00457404	r1	TCCGTCTGAGAAAGAGACAG	9763259	
9763264	0.130046249	r2	TCCGTCTGAGAAAGAGACAG	9763259	
9763264	-0.056293734	r3	TCCGTCTGAGAAAGAGACAG	9763259	
9763264	-0.007657076	r1	TCCTCTGTCTCTTTCTCAGA	9763263	
9763264	-0.159271853	r2	TCCTCTGTCTCTTTCTCAGA	9763263	
9763264	0.033769156	r3	TCCTCTGTCTCTTTCTCAGA	9763263	
9763298	-0.231392051	r1	AAACTGCTAGAGGTGGTTGT	9763297	
9763298	-0.065886233	r2	AAACTGCTAGAGGTGGTTGT	9763297	
9763298	-0.176956349	r3	AAACTGCTAGAGGTGGTTGT	9763297	
9763301	-0.231392051	r1	AAACTGCTAGAGGTGGTTGT	9763297	
9763301	-0.065886233	r2	AAACTGCTAGAGGTGGTTGT	9763297	
9763301	-0.176956349	r3	AAACTGCTAGAGGTGGTTGT	9763297	
9763302	-0.231392051	r1	AAACTGCTAGAGGTGGTTGT	9763297	
9763302	-0.065886233	r2	AAACTGCTAGAGGTGGTTGT	9763297	
9763302	-0.176956349	r3	AAACTGCTAGAGGTGGTTGT	9763297	
9763304	-0.231392051	r1	AAACTGCTAGAGGTGGTTGT	9763297	
9763304	-0.065886233	r2	AAACTGCTAGAGGTGGTTGT	9763297	
9763304	-0.176956349	r3	AAACTGCTAGAGGTGGTTGT	9763297	
9763305	-0.005010559	r1	ACCATGAAAACTGCTAGAGG	9763304	
9763305	-0.242079999	r2	ACCATGAAAACTGCTAGAGG	9763304	
9763305	0.095791614	r3	ACCATGAAAACTGCTAGAGG	9763304	
9763307	-0.005010559	r1	ACCATGAAAACTGCTAGAGG	9763304	
9763307	-0.242079999	r2	ACCATGAAAACTGCTAGAGG	9763304	
9763307	0.095791614	r3	ACCATGAAAACTGCTAGAGG	9763304	
9763311	-0.005010559	r1	ACCATGAAAACTGCTAGAGG	9763304	
9763311	-0.242079999	r2	ACCATGAAAACTGCTAGAGG	9763304	
9763311	0.095791614	r3	ACCATGAAAACTGCTAGAGG	9763304	
9763311	-0.215729171	r1	AGTACCATGAAAACTGCTAG	9763307	
9763311	0.061126692	r2	AGTACCATGAAAACTGCTAG	9763307	
9763311	-0.06359722	r3	AGTACCATGAAAACTGCTAG	9763307	
9763325		r1	TACTAAGACTCATTTGCTCA	9763323	
9763325	-0.115233171	r2	TACTAAGACTCATTTGCTCA	9763323	
9763325	-0.096920162	r3	TACTAAGACTCATTTGCTCA	9763323	
9763369	-0.253525364	r1	CACATCCATTAACTTGATTA	9763365	
9763369	0.031692276	r2	CACATCCATTAACTTGATTA	9763365	
9763369	-0.130949757	r3	CACATCCATTAACTTGATTA	9763365	
9763395	-0.340185855	r1	CACACACATCTAGTGTGCAC	9763393	
9763395	-0.483247168	r2	CACACACATCTAGTGTGCAC	9763393	
9763395	0.026636583	r3	CACACACATCTAGTGTGCAC	9763393	
9763397	-0.340185855	r1	CACACACATCTAGTGTGCAC	9763393	
9763397	-0.483247168	r2	CACACACATCTAGTGTGCAC	9763393	
9763397	0.026636583	r3	CACACACATCTAGTGTGCAC	9763393	
9763399	-0.340185855	r1	CACACACATCTAGTGTGCAC	9763393	
9763399	-0.483247168	r2	CACACACATCTAGTGTGCAC	9763393	
9763399	0.026636583	r3	CACACACATCTAGTGTGCAC	9763393	
9764375	-0.335332266	r1	CGTGTAGAGATATGTTTCTT	9764369	
9764375	0.053362227	r2	CGTGTAGAGATATGTTTCTT	9764369	
9764375	-0.09922302	r3	CGTGTAGAGATATGTTTCTT	9764369	
9764396	-0.132150099	r1	GAAATTCCAGAGAAAAACAA	9764390	
9764396	-0.340973085	r2	GAAATTCCAGAGAAAAACAA	9764390	
9764396	-0.35859423	r3	GAAATTCCAGAGAAAAACAA	9764390	
9764397	-0.132150099	r1	GAAATTCCAGAGAAAAACAA	9764390	
9764397	-0.340973085	r2	GAAATTCCAGAGAAAAACAA	9764390	
9764397	-0.35859423	r3	GAAATTCCAGAGAAAAACAA	9764390	
9764407	-0.384529244	r1	AAAAACAAAGGAAAGTGTAG	9764402	
9764407	-0.230814172	r2	AAAAACAAAGGAAAGTGTAG	9764402	
9764407	-0.208587737	r3	AAAAACAAAGGAAAGTGTAG	9764402	
9764407	-0.326362706	r1	AAAACAAAGGAAAGTGTAGA	9764403	
9764407	-0.064099309	r2	AAAACAAAGGAAAGTGTAGA	9764403	
9764407	-0.15805939	r3	AAAACAAAGGAAAGTGTAGA	9764403	
9764427	-0.184474978	r1	AGAGGGTCAAGATGCAGTGT	9764420	
9764427	-0.215693273	r2	AGAGGGTCAAGATGCAGTGT	9764420	
9764427	-0.072389235	r3	AGAGGGTCAAGATGCAGTGT	9764420	
9764434	-0.209384744	r1	GATGCAGTGTGGGAGAGATT	9764430	
9764434	0.090636458	r2	GATGCAGTGTGGGAGAGATT	9764430	
9764434	-0.322372905	r3	GATGCAGTGTGGGAGAGATT	9764430	
9764434	0.126741237	r1	TGCAGTGTGGGAGAGATTTG	9764432	
9764434	0.214880884	r2	TGCAGTGTGGGAGAGATTTG	9764432	
9764434	-0.01578532	r3	TGCAGTGTGGGAGAGATTTG	9764432	
9764434	0.094712926	r1	GCAGTGTGGGAGAGATTTGG	9764433	
9764434	0.01399391	r2	GCAGTGTGGGAGAGATTTGG	9764433	
9764434	0.016477527	r3	GCAGTGTGGGAGAGATTTGG	9764433	
9764495	-0.199728922	r1	ACATGGAAGCAAACTTATTG	9764494	
9764495	-0.178418613	r2	ACATGGAAGCAAACTTATTG	9764494	
9764495	-0.206592492	r3	ACATGGAAGCAAACTTATTG	9764494	
9764578	-0.218102246	r1	GAAAGGGGTTTGCTTGCACA	9764574	
9764578	0.182470566	r2	GAAAGGGGTTTGCTTGCACA	9764574	
9764578	-0.159827741	r3	GAAAGGGGTTTGCTTGCACA	9764574	
9764596	-0.187949947	r1	ACCTCTTTATAAAACACAGA	9764595	
9764596	-0.03148233	r2	ACCTCTTTATAAAACACAGA	9764595	
9764596	-0.119576044	r3	ACCTCTTTATAAAACACAGA	9764595	
9764597	-0.187949947	r1	ACCTCTTTATAAAACACAGA	9764595	
9764597	-0.03148233	r2	ACCTCTTTATAAAACACAGA	9764595	
9764597	-0.119576044	r3	ACCTCTTTATAAAACACAGA	9764595	
9764599	-0.187949947	r1	ACCTCTTTATAAAACACAGA	9764595	
9764599	-0.03148233	r2	ACCTCTTTATAAAACACAGA	9764595	
9764599	-0.119576044	r3	ACCTCTTTATAAAACACAGA	9764595	
9764762	-0.494048651	r1	GAGGCTTAGAGAAATTAGTG	9764758	
9764762	-0.196277765	r2	GAGGCTTAGAGAAATTAGTG	9764758	
9764762	-0.235926194	r3	GAGGCTTAGAGAAATTAGTG	9764758	
9764762	-0.03567214	r1	GCACTAATTTCTCTAAGCCT	9764759	
9764762	0.024762763	r2	GCACTAATTTCTCTAAGCCT	9764759	
9764762	-0.356383789	r3	GCACTAATTTCTCTAAGCCT	9764759	
9764762	-0.204783727	r1	AGGCTTAGAGAAATTAGTGC	9764759	
9764762	-0.499862816	r2	AGGCTTAGAGAAATTAGTGC	9764759	
9764762	-0.137140196	r3	AGGCTTAGAGAAATTAGTGC	9764759	
9764762	0.054265223	r1	GGCTTAGAGAAATTAGTGCG	9764760	
9764762	-0.0496256	r2	GGCTTAGAGAAATTAGTGCG	9764760	
9764762	0.070025612	r3	GGCTTAGAGAAATTAGTGCG	9764760	
9764835	0.229904858	r1	ACATATAAGGTCACACAGGA	9764834	
9764835	0.2500409	r2	ACATATAAGGTCACACAGGA	9764834	
9764835	0.116901409	r3	ACATATAAGGTCACACAGGA	9764834	
9764836	0.229904858	r1	ACATATAAGGTCACACAGGA	9764834	
9764836	0.2500409	r2	ACATATAAGGTCACACAGGA	9764834	
9764836	0.116901409	r3	ACATATAAGGTCACACAGGA	9764834	
9764844	0.55102484	r1	TTCTACATATAAGGTCACAC	9764838	
9764844	0.463805365	r2	TTCTACATATAAGGTCACAC	9764838	
9764844	0.353763887	r3	TTCTACATATAAGGTCACAC	9764838	
9764845	0.55102484	r1	TTCTACATATAAGGTCACAC	9764838	
9764845	0.463805365	r2	TTCTACATATAAGGTCACAC	9764838	
9764845	0.353763887	r3	TTCTACATATAAGGTCACAC	9764838	
9764844	0.28029951	r1	TGACCTTATATGTAGAATCC	9764841	
9764844	0.127341182	r2	TGACCTTATATGTAGAATCC	9764841	
9764844	0.423512236	r3	TGACCTTATATGTAGAATCC	9764841	
9764845	0.28029951	r1	TGACCTTATATGTAGAATCC	9764841	
9764845	0.127341182	r2	TGACCTTATATGTAGAATCC	9764841	
9764845	0.423512236	r3	TGACCTTATATGTAGAATCC	9764841	
9764844	0.271577393	r1	GACCTTATATGTAGAATCCA	9764842	
9764844	0.343740812	r2	GACCTTATATGTAGAATCCA	9764842	
9764844	0.279415374	r3	GACCTTATATGTAGAATCCA	9764842	
9764845	0.271577393	r1	GACCTTATATGTAGAATCCA	9764842	
9764845	0.343740812	r2	GACCTTATATGTAGAATCCA	9764842	
9764845	0.279415374	r3	GACCTTATATGTAGAATCCA	9764842	
9764859	-0.106665362	r1	TCCAGGGTGAGACGTCAGAA	9764858	
9764859	-0.295644993	r2	TCCAGGGTGAGACGTCAGAA	9764858	
9764859	0.04865878	r3	TCCAGGGTGAGACGTCAGAA	9764858	
9764860	-0.106665362	r1	TCCAGGGTGAGACGTCAGAA	9764858	
9764860	-0.295644993	r2	TCCAGGGTGAGACGTCAGAA	9764858	
9764860	0.04865878	r3	TCCAGGGTGAGACGTCAGAA	9764858	
9764873	-0.517318143	r1	TCAGAAAGGAAGTAAAGATG	9764872	
9764873	-0.166245356	r2	TCAGAAAGGAAGTAAAGATG	9764872	
9764873	-0.158849247	r3	TCAGAAAGGAAGTAAAGATG	9764872	
9764911	-0.187360579	r1	AGATGCAAAGTGTGCAGAGA	9764906	
9764911	-0.227503451	r2	AGATGCAAAGTGTGCAGAGA	9764906	
9764911	-0.15178797	r3	AGATGCAAAGTGTGCAGAGA	9764906	
9764911	0.605385575	r1	TGCAAAGTGTGCAGAGAAGG	9764909	
9764911	0.56287001	r2	TGCAAAGTGTGCAGAGAAGG	9764909	
9764911	0.607479349	r3	TGCAAAGTGTGCAGAGAAGG	9764909	
9764911	1.14520253	r1	GCAAAGTGTGCAGAGAAGGT	9764910	
9764911	0.593218948	r2	GCAAAGTGTGCAGAGAAGGT	9764910	
9764911	0.780513748	r3	GCAAAGTGTGCAGAGAAGGT	9764910	
9764948	1.466710708	r1	TATCAGACAGCTGCAGCAGC	9764945	
9764948	1.311688521	r2	TATCAGACAGCTGCAGCAGC	9764945	
9764948	0.995655549	r3	TATCAGACAGCTGCAGCAGC	9764945	
9764952	1.466710708	r1	TATCAGACAGCTGCAGCAGC	9764945	
9764952	1.311688521	r2	TATCAGACAGCTGCAGCAGC	9764945	
9764952	0.995655549	r3	TATCAGACAGCTGCAGCAGC	9764945	
9765002	0.936040732	r1	TGTCTTAGGTCGGAAGTCTG	9764998	
9765002	0.235452049	r2	TGTCTTAGGTCGGAAGTCTG	9764998	
9765002	0.772715715	r3	TGTCTTAGGTCGGAAGTCTG	9764998	
9765005	0.936040732	r1	TGTCTTAGGTCGGAAGTCTG	9764998	
9765005	0.235452049	r2	TGTCTTAGGTCGGAAGTCTG	9764998	
9765005	0.772715715	r3	TGTCTTAGGTCGGAAGTCTG	9764998	
9765009	0.48037022	r1	CTCCGGAAATTGTCTTAGGT	9765008	
9765009	0.182270856	r2	CTCCGGAAATTGTCTTAGGT	9765008	
9765009	0.504649449	r3	CTCCGGAAATTGTCTTAGGT	9765008	
9765010	0.48037022	r1	CTCCGGAAATTGTCTTAGGT	9765008	
9765010	0.182270856	r2	CTCCGGAAATTGTCTTAGGT	9765008	
9765010	0.504649449	r3	CTCCGGAAATTGTCTTAGGT	9765008	
9765016	0.626073001	r1	TTGTCTCCGGAAATTGTCTT	9765012	
9765016	0.60615931	r2	TTGTCTCCGGAAATTGTCTT	9765012	
9765016	0.651108924	r3	TTGTCTCCGGAAATTGTCTT	9765012	
9765029	0.341470258	r1	AGAGATGAGCAGTTTGTCTC	9765025	
9765029	0.595583649	r2	AGAGATGAGCAGTTTGTCTC	9765025	
9765029	0.168043262	r3	AGAGATGAGCAGTTTGTCTC	9765025	
9765059	0.031648686	r1	TTCCTTTCAGTGGGTGAATT	9765057	
9765059	-0.10571895	r2	TTCCTTTCAGTGGGTGAATT	9765057	
9765059	0.069538685	r3	TTCCTTTCAGTGGGTGAATT	9765057	
9765060	0.031648686	r1	TTCCTTTCAGTGGGTGAATT	9765057	
9765060	-0.10571895	r2	TTCCTTTCAGTGGGTGAATT	9765057	
9765060	0.069538685	r3	TTCCTTTCAGTGGGTGAATT	9765057	
9765064	0.031648686	r1	TTCCTTTCAGTGGGTGAATT	9765057	
9765064	-0.10571895	r2	TTCCTTTCAGTGGGTGAATT	9765057	
9765064	0.069538685	r3	TTCCTTTCAGTGGGTGAATT	9765057	
9765064	-0.061862593	r1	AACCTAATTCACCCACTGAA	9765062	
9765064	-0.045147752	r2	AACCTAATTCACCCACTGAA	9765062	
9765064	-0.17802104	r3	AACCTAATTCACCCACTGAA	9765062	
9765142	-0.418348917	r1	AATTTGCATTAATTTGAGAG	9765140	
9765142	0.042395342	r2	AATTTGCATTAATTTGAGAG	9765140	
9765142	-0.209078085	r3	AATTTGCATTAATTTGAGAG	9765140	
9765144	-0.418348917	r1	AATTTGCATTAATTTGAGAG	9765140	
9765144	0.042395342	r2	AATTTGCATTAATTTGAGAG	9765140	
9765144	-0.209078085	r3	AATTTGCATTAATTTGAGAG	9765140	
9765154	-0.272483815	r1	TTAATGCAAATTACACAAAT	9765148	
9765154	0.021141288	r2	TTAATGCAAATTACACAAAT	9765148	
9765154	-0.15003632	r3	TTAATGCAAATTACACAAAT	9765148	
9765191	-0.155427231	r1	AAAAACACAAAGGCACCTGC	9765190	
9765191	-0.258395342	r2	AAAAACACAAAGGCACCTGC	9765190	
9765191	0.003220444	r3	AAAAACACAAAGGCACCTGC	9765190	
9765197	-0.155427231	r1	AAAAACACAAAGGCACCTGC	9765190	
9765197	-0.258395342	r2	AAAAACACAAAGGCACCTGC	9765190	
9765197	0.003220444	r3	AAAAACACAAAGGCACCTGC	9765190	
9765220	-0.012901264	r1	TTACCGTAAAGGGTCAATGA	9765217	
9765220	-0.421110288	r2	TTACCGTAAAGGGTCAATGA	9765217	
9765220	-0.053943629	r3	TTACCGTAAAGGGTCAATGA	9765217	
9765221	-0.012901264	r1	TTACCGTAAAGGGTCAATGA	9765217	
9765221	-0.421110288	r2	TTACCGTAAAGGGTCAATGA	9765217	
9765221	-0.053943629	r3	TTACCGTAAAGGGTCAATGA	9765217	
9765243	-0.151092602	r1	AAGGTAACCATGAGTAAACG	9765236	
9765243	-0.359326157	r2	AAGGTAACCATGAGTAAACG	9765236	
9765243	-0.144082208	r3	AAGGTAACCATGAGTAAACG	9765236	
9765243	-0.294649186	r1	AGGTAACCATGAGTAAACGG	9765237	
9765243	-0.419428623	r2	AGGTAACCATGAGTAAACGG	9765237	
9765243	-0.105294829	r3	AGGTAACCATGAGTAAACGG	9765237	
9765244	-0.294649186	r1	AGGTAACCATGAGTAAACGG	9765237	
9765244	-0.419428623	r2	AGGTAACCATGAGTAAACGG	9765237	
9765244	-0.105294829	r3	AGGTAACCATGAGTAAACGG	9765237	
9765285	0.694361204	r1	ACTTGAAGAGGACAGAAGGT	9765284	
9765285	0.245562495	r2	ACTTGAAGAGGACAGAAGGT	9765284	
9765285	0.634471393	r3	ACTTGAAGAGGACAGAAGGT	9765284	
9765286	0.694361204	r1	ACTTGAAGAGGACAGAAGGT	9765284	
9765286	0.245562495	r2	ACTTGAAGAGGACAGAAGGT	9765284	
9765286	0.634471393	r3	ACTTGAAGAGGACAGAAGGT	9765284	
9765289	0.694361204	r1	ACTTGAAGAGGACAGAAGGT	9765284	
9765289	0.245562495	r2	ACTTGAAGAGGACAGAAGGT	9765284	
9765289	0.634471393	r3	ACTTGAAGAGGACAGAAGGT	9765284	
9765289	-0.122835645	r1	AAAGACTTGAAGAGGACAGA	9765288	
9765289	-0.055925585	r2	AAAGACTTGAAGAGGACAGA	9765288	
9765289	-0.050790234	r3	AAAGACTTGAAGAGGACAGA	9765288	
9765293	-0.122835645	r1	AAAGACTTGAAGAGGACAGA	9765288	
9765293	-0.055925585	r2	AAAGACTTGAAGAGGACAGA	9765288	
9765293	-0.050790234	r3	AAAGACTTGAAGAGGACAGA	9765288	
9765294	-0.122835645	r1	AAAGACTTGAAGAGGACAGA	9765288	
9765294	-0.055925585	r2	AAAGACTTGAAGAGGACAGA	9765288	
9765294	-0.050790234	r3	AAAGACTTGAAGAGGACAGA	9765288	
9765299	0.078944416	r1	GAAAGTTCAAAGACTTGAAG	9765296	
9765299	-0.421598682	r2	GAAAGTTCAAAGACTTGAAG	9765296	
9765299	0.010585538	r3	GAAAGTTCAAAGACTTGAAG	9765296	
9765315	-0.047822084	r1	TTTCTAACTTTCCTCTTCAA	9765312	
9765315	0.081973069	r2	TTTCTAACTTTCCTCTTCAA	9765312	
9765315	-0.093396678	r3	TTTCTAACTTTCCTCTTCAA	9765312	
9765319	-0.047822084	r1	TTTCTAACTTTCCTCTTCAA	9765312	
9765319	0.081973069	r2	TTTCTAACTTTCCTCTTCAA	9765312	
9765319	-0.093396678	r3	TTTCTAACTTTCCTCTTCAA	9765312	
9765329	0.133883842	r1	TTTCAGATGTTCCATTGAAG	9765326	
9765329	0.153166658	r2	TTTCAGATGTTCCATTGAAG	9765326	
9765329	0.239839483	r3	TTTCAGATGTTCCATTGAAG	9765326	
9765346	-0.414083487	r1	TGAAACACAAAAAATGAGCT	9765341	
9765346	-0.207721091	r2	TGAAACACAAAAAATGAGCT	9765341	
9765346	-0.010939929	r3	TGAAACACAAAAAATGAGCT	9765341	
9765348	-0.414083487	r1	TGAAACACAAAAAATGAGCT	9765341	
9765348	-0.207721091	r2	TGAAACACAAAAAATGAGCT	9765341	
9765348	-0.010939929	r3	TGAAACACAAAAAATGAGCT	9765341	
9765359	0.068782495	r1	TGAGCTTGGAAAGTGTGAGC	9765355	
9765359	-0.003779613	r2	TGAGCTTGGAAAGTGTGAGC	9765355	
9765359	0.080509384	r3	TGAGCTTGGAAAGTGTGAGC	9765355	
9765423	-0.25594594	r1	TGCTTGTGTACACACAAGCT	9765421	
9765423	-0.224604346	r2	TGCTTGTGTACACACAAGCT	9765421	
9765423	-0.169567603	r3	TGCTTGTGTACACACAAGCT	9765421	
9765536	-0.318374851	r1	TTAGGTAAAGTACTCAGACA	9765533	
9765536	-0.159821603	r2	TTAGGTAAAGTACTCAGACA	9765533	
9765536	-0.092940496	r3	TTAGGTAAAGTACTCAGACA	9765533	
9765565	-0.183993657	r1	ATGTTGTATATGGATAAGTC	9765563	
9765565	-0.304925627	r2	ATGTTGTATATGGATAAGTC	9765563	
9765565	-0.18840692	r3	ATGTTGTATATGGATAAGTC	9765563	
9765570	-0.183993657	r1	ATGTTGTATATGGATAAGTC	9765563	
9765570	-0.304925627	r2	ATGTTGTATATGGATAAGTC	9765563	
9765570	-0.18840692	r3	ATGTTGTATATGGATAAGTC	9765563	
9765577	-0.438050748	r1	GTCTCCAAAAATGTTGTATA	9765573	
9765577	-0.028097713	r2	GTCTCCAAAAATGTTGTATA	9765573	
9765577	-0.215690483	r3	GTCTCCAAAAATGTTGTATA	9765573	
9765580	-0.438050748	r1	GTCTCCAAAAATGTTGTATA	9765573	
9765580	-0.028097713	r2	GTCTCCAAAAATGTTGTATA	9765573	
9765580	-0.215690483	r3	GTCTCCAAAAATGTTGTATA	9765573	
9765592	-0.032652045	r1	GAGACTACTCTCAAAGATAA	9765588	
9765592	-0.143054434	r2	GAGACTACTCTCAAAGATAA	9765588	
9765592	-0.025589749	r3	GAGACTACTCTCAAAGATAA	9765588	
9765595	-0.032652045	r1	GAGACTACTCTCAAAGATAA	9765588	
9765595	-0.143054434	r2	GAGACTACTCTCAAAGATAA	9765588	
9765595	-0.025589749	r3	GAGACTACTCTCAAAGATAA	9765588	
9765659	0.231130998	r1	TAGCATAGTAGCCCAGACCC	9765655	
9765659	0.817622015	r2	TAGCATAGTAGCCCAGACCC	9765655	
9765659	0.411471328	r3	TAGCATAGTAGCCCAGACCC	9765655	
9765697	-0.160298586	r1	AAACAAGATCCAAGTACAAT	9765691	
9765697	-0.344788698	r2	AAACAAGATCCAAGTACAAT	9765691	
9765697	-0.129711113	r3	AAACAAGATCCAAGTACAAT	9765691	
9765739	-0.026302762	r1	ACTGCTTATCCCACTTCCTG	9765738	
9765739	-0.259693575	r2	ACTGCTTATCCCACTTCCTG	9765738	
9765739	-0.142085661	r3	ACTGCTTATCCCACTTCCTG	9765738	
9765742	-0.026302762	r1	ACTGCTTATCCCACTTCCTG	9765738	
9765742	-0.259693575	r2	ACTGCTTATCCCACTTCCTG	9765738	
9765742	-0.142085661	r3	ACTGCTTATCCCACTTCCTG	9765738	
9765751	-0.221797557	r1	CACACAGATCCACAGGAAGT	9765750	
9765751	0.12614005	r2	CACACAGATCCACAGGAAGT	9765750	
9765751	-0.086639142	r3	CACACAGATCCACAGGAAGT	9765750	
9765754	-0.221797557	r1	CACACAGATCCACAGGAAGT	9765750	
9765754	0.12614005	r2	CACACAGATCCACAGGAAGT	9765750	
9765754	-0.086639142	r3	CACACAGATCCACAGGAAGT	9765750	
9765755	-0.221797557	r1	CACACAGATCCACAGGAAGT	9765750	
9765755	0.12614005	r2	CACACAGATCCACAGGAAGT	9765750	
9765755	-0.086639142	r3	CACACAGATCCACAGGAAGT	9765750	
9765754	-0.08951565	r1	GCACACAGATCCACAGGAAG	9765751	
9765754	-0.46238991	r2	GCACACAGATCCACAGGAAG	9765751	
9765754	-0.086845678	r3	GCACACAGATCCACAGGAAG	9765751	
9765755	-0.08951565	r1	GCACACAGATCCACAGGAAG	9765751	
9765755	-0.46238991	r2	GCACACAGATCCACAGGAAG	9765751	
9765755	-0.086845678	r3	GCACACAGATCCACAGGAAG	9765751	
9765763	-0.043715341	r1	TTAGGTGCACACAGATCCAC	9765757	
9765763	-0.103663864	r2	TTAGGTGCACACAGATCCAC	9765757	
9765763	0.088488004	r3	TTAGGTGCACACAGATCCAC	9765757	
9765770	-0.401937782	r1	TGTGTGCACCTAACATACCT	9765764	
9765770	0.31536294	r2	TGTGTGCACCTAACATACCT	9765764	
9765770	-0.037137952	r3	TGTGTGCACCTAACATACCT	9765764	
9765777	-0.396177593	r1	AGGCATTTCCTAGGTATGTT	9765775	
9765777	-0.253581251	r2	AGGCATTTCCTAGGTATGTT	9765775	
9765777	-0.158532691	r3	AGGCATTTCCTAGGTATGTT	9765775	
9765781	-0.396177593	r1	AGGCATTTCCTAGGTATGTT	9765775	
9765781	-0.253581251	r2	AGGCATTTCCTAGGTATGTT	9765775	
9765781	-0.158532691	r3	AGGCATTTCCTAGGTATGTT	9765775	
9765782	-0.396177593	r1	AGGCATTTCCTAGGTATGTT	9765775	
9765782	-0.253581251	r2	AGGCATTTCCTAGGTATGTT	9765775	
9765782	-0.158532691	r3	AGGCATTTCCTAGGTATGTT	9765775	
9765781	-0.085375708	r1	CATACCTAGGAAATGCCTCC	9765777	
9765781	0.098997677	r2	CATACCTAGGAAATGCCTCC	9765777	
9765781	-0.17969717	r3	CATACCTAGGAAATGCCTCC	9765777	
9765782	-0.085375708	r1	CATACCTAGGAAATGCCTCC	9765777	
9765782	0.098997677	r2	CATACCTAGGAAATGCCTCC	9765777	
9765782	-0.17969717	r3	CATACCTAGGAAATGCCTCC	9765777	
9765781	0.104285711	r1	ACCTAGGAAATGCCTCCAGG	9765780	
9765781	-0.188193178	r2	ACCTAGGAAATGCCTCCAGG	9765780	
9765781	0.081057607	r3	ACCTAGGAAATGCCTCCAGG	9765780	
9765782	0.104285711	r1	ACCTAGGAAATGCCTCCAGG	9765780	
9765782	-0.188193178	r2	ACCTAGGAAATGCCTCCAGG	9765780	
9765782	0.081057607	r3	ACCTAGGAAATGCCTCCAGG	9765780	
9765795	-0.111218868	r1	CTCCAGGTGGATGACATTCT	9765793	
9765795	-0.273130575	r2	CTCCAGGTGGATGACATTCT	9765793	
9765795	-0.02609645	r3	CTCCAGGTGGATGACATTCT	9765793	
9765796	-0.111218868	r1	CTCCAGGTGGATGACATTCT	9765793	
9765796	-0.273130575	r2	CTCCAGGTGGATGACATTCT	9765793	
9765796	-0.02609645	r3	CTCCAGGTGGATGACATTCT	9765793	
