9756360	0.105082294	r1	ACACAGGACAGGAACTTGGA	9756355	
9756360	-0.215725502	r2	ACACAGGACAGGAACTTGGA	9756355	
9756360	-0.011826926	r3	ACACAGGACAGGAACTTGGA	9756355	
9756361	0.105082294	r1	ACACAGGACAGGAACTTGGA	9756355	
9756361	-0.215725502	r2	ACACAGGACAGGAACTTGGA	9756355	
9756361	-0.011826926	r3	ACACAGGACAGGAACTTGGA	9756355	
9760778	-0.079711259	r1	AGAGAACAGCTCTTTGCATC	9760775	
9760778	0.011949987	r2	AGAGAACAGCTCTTTGCATC	9760775	
9760778	0.121817406	r3	AGAGAACAGCTCTTTGCATC	9760775	
9763121	-0.135877962	r1	ATATTATGCCTTCAATTATA	9763114	
9763121	0.339934464	r2	ATATTATGCCTTCAATTATA	9763114	
9763121	-0.193466631	r3	ATATTATGCCTTCAATTATA	9763114	
9763121	-0.238144456	r1	TATGCCTTCAATTATATGGA	9763118	
9763121	0.190286709	r2	TATGCCTTCAATTATATGGA	9763118	
9763121	-0.199265861	r3	TATGCCTTCAATTATATGGA	9763118	
9763121	-0.210674731	r1	ATGCCTTCAATTATATGGAA	9763119	
9763121	-0.190813073	r2	ATGCCTTCAATTATATGGAA	9763119	
9763121	-0.137588063	r3	ATGCCTTCAATTATATGGAA	9763119	
9763135	0.361887219	r1	TATGGAAGGGAGTGACAGTT	9763132	
9763135	-0.286441114	r2	TATGGAAGGGAGTGACAGTT	9763132	
9763135	0.095212691	r3	TATGGAAGGGAGTGACAGTT	9763132	
9763136	0.361887219	r1	TATGGAAGGGAGTGACAGTT	9763132	
9763136	-0.286441114	r2	TATGGAAGGGAGTGACAGTT	9763132	
9763136	0.095212691	r3	TATGGAAGGGAGTGACAGTT	9763132	
9763139	0.361887219	r1	TATGGAAGGGAGTGACAGTT	9763132	
9763139	-0.286441114	r2	TATGGAAGGGAGTGACAGTT	9763132	
9763139	0.095212691	r3	TATGGAAGGGAGTGACAGTT	9763132	
9763176	-0.231823523	r1	AAAGTTCCTCATTTGATGTA	9763173	
9763176	-0.300459977	r2	AAAGTTCCTCATTTGATGTA	9763173	
9763176	-0.25249072	r3	AAAGTTCCTCATTTGATGTA	9763173	
9763187	-0.193661451	r1	TGAATGCCTTACATCAAATG	9763182	
9763187	-0.246172625	r2	TGAATGCCTTACATCAAATG	9763182	
9763187	-0.11928945	r3	TGAATGCCTTACATCAAATG	9763182	
9763262	-0.00457404	r1	TCCGTCTGAGAAAGAGACAG	9763259	
9763262	0.130046249	r2	TCCGTCTGAGAAAGAGACAG	9763259	
9763262	-0.056293734	r3	TCCGTCTGAGAAAGAGACAG	9763259	
9763266	-0.00457404	r1	TCCGTCTGAGAAAGAGACAG	9763259	
9763266	0.130046249	r2	TCCGTCTGAGAAAGAGACAG	9763259	
9763266	-0.056293734	r3	TCCGTCTGAGAAAGAGACAG	9763259	
9763266	-0.007657076	r1	TCCTCTGTCTCTTTCTCAGA	9763263	
9763266	-0.159271853	r2	TCCTCTGTCTCTTTCTCAGA	9763263	
9763266	0.033769156	r3	TCCTCTGTCTCTTTCTCAGA	9763263	
9763268	-0.007657076	r1	TCCTCTGTCTCTTTCTCAGA	9763263	
9763268	-0.159271853	r2	TCCTCTGTCTCTTTCTCAGA	9763263	
9763268	0.033769156	r3	TCCTCTGTCTCTTTCTCAGA	9763263	
9763310	-0.005010559	r1	ACCATGAAAACTGCTAGAGG	9763304	
9763310	-0.242079999	r2	ACCATGAAAACTGCTAGAGG	9763304	
9763310	0.095791614	r3	ACCATGAAAACTGCTAGAGG	9763304	
9763310	-0.215729171	r1	AGTACCATGAAAACTGCTAG	9763307	
9763310	0.061126692	r2	AGTACCATGAAAACTGCTAG	9763307	
9763310	-0.06359722	r3	AGTACCATGAAAACTGCTAG	9763307	
9763313	-0.215729171	r1	AGTACCATGAAAACTGCTAG	9763307	
9763313	0.061126692	r2	AGTACCATGAAAACTGCTAG	9763307	
9763313	-0.06359722	r3	AGTACCATGAAAACTGCTAG	9763307	
9763329		r1	TACTAAGACTCATTTGCTCA	9763323	
9763329	-0.115233171	r2	TACTAAGACTCATTTGCTCA	9763323	
9763329	-0.096920162	r3	TACTAAGACTCATTTGCTCA	9763323	
9763372	-0.253525364	r1	CACATCCATTAACTTGATTA	9763365	
9763372	0.031692276	r2	CACATCCATTAACTTGATTA	9763365	
9763372	-0.130949757	r3	CACATCCATTAACTTGATTA	9763365	
9764371	-0.335332266	r1	CGTGTAGAGATATGTTTCTT	9764369	
9764371	0.053362227	r2	CGTGTAGAGATATGTTTCTT	9764369	
9764371	-0.09922302	r3	CGTGTAGAGATATGTTTCTT	9764369	
9764421	0.049046115	r1	TAGAGGGTCAAGATGCAGTG	9764419	
9764421	0.583789932	r2	TAGAGGGTCAAGATGCAGTG	9764419	
9764421	-0.057877143	r3	TAGAGGGTCAAGATGCAGTG	9764419	
9764423	0.049046115	r1	TAGAGGGTCAAGATGCAGTG	9764419	
9764423	0.583789932	r2	TAGAGGGTCAAGATGCAGTG	9764419	
9764423	-0.057877143	r3	TAGAGGGTCAAGATGCAGTG	9764419	
9764424	0.049046115	r1	TAGAGGGTCAAGATGCAGTG	9764419	
9764424	0.583789932	r2	TAGAGGGTCAAGATGCAGTG	9764419	
9764424	-0.057877143	r3	TAGAGGGTCAAGATGCAGTG	9764419	
9764425	0.049046115	r1	TAGAGGGTCAAGATGCAGTG	9764419	
9764425	0.583789932	r2	TAGAGGGTCAAGATGCAGTG	9764419	
9764425	-0.057877143	r3	TAGAGGGTCAAGATGCAGTG	9764419	
9764421	-0.184474978	r1	AGAGGGTCAAGATGCAGTGT	9764420	
9764421	-0.215693273	r2	AGAGGGTCAAGATGCAGTGT	9764420	
9764421	-0.072389235	r3	AGAGGGTCAAGATGCAGTGT	9764420	
9764423	-0.184474978	r1	AGAGGGTCAAGATGCAGTGT	9764420	
9764423	-0.215693273	r2	AGAGGGTCAAGATGCAGTGT	9764420	
9764423	-0.072389235	r3	AGAGGGTCAAGATGCAGTGT	9764420	
9764424	-0.184474978	r1	AGAGGGTCAAGATGCAGTGT	9764420	
9764424	-0.215693273	r2	AGAGGGTCAAGATGCAGTGT	9764420	
9764424	-0.072389235	r3	AGAGGGTCAAGATGCAGTGT	9764420	
9764425	-0.184474978	r1	AGAGGGTCAAGATGCAGTGT	9764420	
9764425	-0.215693273	r2	AGAGGGTCAAGATGCAGTGT	9764420	
9764425	-0.072389235	r3	AGAGGGTCAAGATGCAGTGT	9764420	
9764433	-0.209384744	r1	GATGCAGTGTGGGAGAGATT	9764430	
9764433	0.090636458	r2	GATGCAGTGTGGGAGAGATT	9764430	
9764433	-0.322372905	r3	GATGCAGTGTGGGAGAGATT	9764430	
9764436	-0.209384744	r1	GATGCAGTGTGGGAGAGATT	9764430	
9764436	0.090636458	r2	GATGCAGTGTGGGAGAGATT	9764430	
9764436	-0.322372905	r3	GATGCAGTGTGGGAGAGATT	9764430	
9764433	0.126741237	r1	TGCAGTGTGGGAGAGATTTG	9764432	
9764433	0.214880884	r2	TGCAGTGTGGGAGAGATTTG	9764432	
9764433	-0.01578532	r3	TGCAGTGTGGGAGAGATTTG	9764432	
9764436	0.126741237	r1	TGCAGTGTGGGAGAGATTTG	9764432	
9764436	0.214880884	r2	TGCAGTGTGGGAGAGATTTG	9764432	
9764436	-0.01578532	r3	TGCAGTGTGGGAGAGATTTG	9764432	
9764438	0.126741237	r1	TGCAGTGTGGGAGAGATTTG	9764432	
9764438	0.214880884	r2	TGCAGTGTGGGAGAGATTTG	9764432	
9764438	-0.01578532	r3	TGCAGTGTGGGAGAGATTTG	9764432	
9764436	0.094712926	r1	GCAGTGTGGGAGAGATTTGG	9764433	
9764436	0.01399391	r2	GCAGTGTGGGAGAGATTTGG	9764433	
9764436	0.016477527	r3	GCAGTGTGGGAGAGATTTGG	9764433	
9764438	0.094712926	r1	GCAGTGTGGGAGAGATTTGG	9764433	
9764438	0.01399391	r2	GCAGTGTGGGAGAGATTTGG	9764433	
9764438	0.016477527	r3	GCAGTGTGGGAGAGATTTGG	9764433	
9764440	0.094712926	r1	GCAGTGTGGGAGAGATTTGG	9764433	
9764440	0.01399391	r2	GCAGTGTGGGAGAGATTTGG	9764433	
9764440	0.016477527	r3	GCAGTGTGGGAGAGATTTGG	9764433	
9764498	-0.199728922	r1	ACATGGAAGCAAACTTATTG	9764494	
9764498	-0.178418613	r2	ACATGGAAGCAAACTTATTG	9764494	
9764498	-0.206592492	r3	ACATGGAAGCAAACTTATTG	9764494	
9764499	-0.199728922	r1	ACATGGAAGCAAACTTATTG	9764494	
9764499	-0.178418613	r2	ACATGGAAGCAAACTTATTG	9764494	
9764499	-0.206592492	r3	ACATGGAAGCAAACTTATTG	9764494	
9764513	-0.404958667	r1	CTTATTGTGGTTAGCCCTGA	9764507	
9764513	-0.177880926	r2	CTTATTGTGGTTAGCCCTGA	9764507	
9764513	-0.185932506	r3	CTTATTGTGGTTAGCCCTGA	9764507	
9764513	-0.269460515	r1	TTATTGTGGTTAGCCCTGAT	9764508	
9764513	-0.233199475	r2	TTATTGTGGTTAGCCCTGAT	9764508	
9764513	-0.127240978	r3	TTATTGTGGTTAGCCCTGAT	9764508	
9764515	-0.269460515	r1	TTATTGTGGTTAGCCCTGAT	9764508	
9764515	-0.233199475	r2	TTATTGTGGTTAGCCCTGAT	9764508	
9764515	-0.127240978	r3	TTATTGTGGTTAGCCCTGAT	9764508	
9764525	-0.115048131	r1	TAAGAGAACTAAACCCATCA	9764524	
9764525	-0.276012608	r2	TAAGAGAACTAAACCCATCA	9764524	
9764525	-0.015101056	r3	TAAGAGAACTAAACCCATCA	9764524	
9764528	-0.115048131	r1	TAAGAGAACTAAACCCATCA	9764524	
9764528	-0.276012608	r2	TAAGAGAACTAAACCCATCA	9764524	
9764528	-0.015101056	r3	TAAGAGAACTAAACCCATCA	9764524	
9764529	-0.115048131	r1	TAAGAGAACTAAACCCATCA	9764524	
9764529	-0.276012608	r2	TAAGAGAACTAAACCCATCA	9764524	
9764529	-0.015101056	r3	TAAGAGAACTAAACCCATCA	9764524	
9764530	-0.115048131	r1	TAAGAGAACTAAACCCATCA	9764524	
9764530	-0.276012608	r2	TAAGAGAACTAAACCCATCA	9764524	
9764530	-0.015101056	r3	TAAGAGAACTAAACCCATCA	9764524	
9764528	-0.342067038	r1	TTAAGAGAACTAAACCCATC	9764525	
9764528	0.5401438	r2	TTAAGAGAACTAAACCCATC	9764525	
9764528	-0.082375138	r3	TTAAGAGAACTAAACCCATC	9764525	
9764529	-0.342067038	r1	TTAAGAGAACTAAACCCATC	9764525	
9764529	0.5401438	r2	TTAAGAGAACTAAACCCATC	9764525	
9764529	-0.082375138	r3	TTAAGAGAACTAAACCCATC	9764525	
9764530	-0.342067038	r1	TTAAGAGAACTAAACCCATC	9764525	
9764530	0.5401438	r2	TTAAGAGAACTAAACCCATC	9764525	
9764530	-0.082375138	r3	TTAAGAGAACTAAACCCATC	9764525	
9764575	-0.218102246	r1	GAAAGGGGTTTGCTTGCACA	9764574	
9764575	0.182470566	r2	GAAAGGGGTTTGCTTGCACA	9764574	
9764575	-0.159827741	r3	GAAAGGGGTTTGCTTGCACA	9764574	
9764577	-0.218102246	r1	GAAAGGGGTTTGCTTGCACA	9764574	
9764577	0.182470566	r2	GAAAGGGGTTTGCTTGCACA	9764574	
9764577	-0.159827741	r3	GAAAGGGGTTTGCTTGCACA	9764574	
9764581	-0.218102246	r1	GAAAGGGGTTTGCTTGCACA	9764574	
9764581	0.182470566	r2	GAAAGGGGTTTGCTTGCACA	9764574	
9764581	-0.159827741	r3	GAAAGGGGTTTGCTTGCACA	9764574	
9764741	-0.225576096	r1	CTGAGAAAATAGTATAGCCG	9764739	
9764741	0.40883124	r2	CTGAGAAAATAGTATAGCCG	9764739	
9764741	0.058570249	r3	CTGAGAAAATAGTATAGCCG	9764739	
9764743	-0.225576096	r1	CTGAGAAAATAGTATAGCCG	9764739	
9764743	0.40883124	r2	CTGAGAAAATAGTATAGCCG	9764739	
9764743	0.058570249	r3	CTGAGAAAATAGTATAGCCG	9764739	
9764760	-0.494048651	r1	GAGGCTTAGAGAAATTAGTG	9764758	
9764760	-0.196277765	r2	GAGGCTTAGAGAAATTAGTG	9764758	
9764760	-0.235926194	r3	GAGGCTTAGAGAAATTAGTG	9764758	
9764761	-0.494048651	r1	GAGGCTTAGAGAAATTAGTG	9764758	
9764761	-0.196277765	r2	GAGGCTTAGAGAAATTAGTG	9764758	
9764761	-0.235926194	r3	GAGGCTTAGAGAAATTAGTG	9764758	
9764760	-0.03567214	r1	GCACTAATTTCTCTAAGCCT	9764759	
9764760	0.024762763	r2	GCACTAATTTCTCTAAGCCT	9764759	
9764760	-0.356383789	r3	GCACTAATTTCTCTAAGCCT	9764759	
9764761	-0.03567214	r1	GCACTAATTTCTCTAAGCCT	9764759	
9764761	0.024762763	r2	GCACTAATTTCTCTAAGCCT	9764759	
9764761	-0.356383789	r3	GCACTAATTTCTCTAAGCCT	9764759	
9764766	-0.03567214	r1	GCACTAATTTCTCTAAGCCT	9764759	
9764766	0.024762763	r2	GCACTAATTTCTCTAAGCCT	9764759	
9764766	-0.356383789	r3	GCACTAATTTCTCTAAGCCT	9764759	
9764760	-0.204783727	r1	AGGCTTAGAGAAATTAGTGC	9764759	
9764760	-0.499862816	r2	AGGCTTAGAGAAATTAGTGC	9764759	
9764760	-0.137140196	r3	AGGCTTAGAGAAATTAGTGC	9764759	
9764761	-0.204783727	r1	AGGCTTAGAGAAATTAGTGC	9764759	
9764761	-0.499862816	r2	AGGCTTAGAGAAATTAGTGC	9764759	
9764761	-0.137140196	r3	AGGCTTAGAGAAATTAGTGC	9764759	
9764766	-0.204783727	r1	AGGCTTAGAGAAATTAGTGC	9764759	
9764766	-0.499862816	r2	AGGCTTAGAGAAATTAGTGC	9764759	
9764766	-0.137140196	r3	AGGCTTAGAGAAATTAGTGC	9764759	
9764761	0.054265223	r1	GGCTTAGAGAAATTAGTGCG	9764760	
9764761	-0.0496256	r2	GGCTTAGAGAAATTAGTGCG	9764760	
9764761	0.070025612	r3	GGCTTAGAGAAATTAGTGCG	9764760	
9764766	0.054265223	r1	GGCTTAGAGAAATTAGTGCG	9764760	
9764766	-0.0496256	r2	GGCTTAGAGAAATTAGTGCG	9764760	
9764766	0.070025612	r3	GGCTTAGAGAAATTAGTGCG	9764760	
9764768	0.081461986	r1	GAGAAATTAGTGCGGGGACA	9764766	
9764768	-0.100221615	r2	GAGAAATTAGTGCGGGGACA	9764766	
9764768	0.040686045	r3	GAGAAATTAGTGCGGGGACA	9764766	
9764775	0.201339212	r1	AATTAGTGCGGGGACAAGGT	9764770	
9764775	0.048418599	r2	AATTAGTGCGGGGACAAGGT	9764770	
9764775	0.242365072	r3	AATTAGTGCGGGGACAAGGT	9764770	
9764777	0.201339212	r1	AATTAGTGCGGGGACAAGGT	9764770	
9764777	0.048418599	r2	AATTAGTGCGGGGACAAGGT	9764770	
9764777	0.242365072	r3	AATTAGTGCGGGGACAAGGT	9764770	
9764787	0.197885367	r1	AAGGTTGGCAAAAGTCTTTC	9764785	
9764787	0.040596458	r2	AAGGTTGGCAAAAGTCTTTC	9764785	
9764787	0.139991839	r3	AAGGTTGGCAAAAGTCTTTC	9764785	
9764788	0.197885367	r1	AAGGTTGGCAAAAGTCTTTC	9764785	
9764788	0.040596458	r2	AAGGTTGGCAAAAGTCTTTC	9764785	
9764788	0.139991839	r3	AAGGTTGGCAAAAGTCTTTC	9764785	
9764791	0.197885367	r1	AAGGTTGGCAAAAGTCTTTC	9764785	
9764791	0.040596458	r2	AAGGTTGGCAAAAGTCTTTC	9764785	
9764791	0.139991839	r3	AAGGTTGGCAAAAGTCTTTC	9764785	
9764792	0.197885367	r1	AAGGTTGGCAAAAGTCTTTC	9764785	
9764792	0.040596458	r2	AAGGTTGGCAAAAGTCTTTC	9764785	
9764792	0.139991839	r3	AAGGTTGGCAAAAGTCTTTC	9764785	
9764838	0.229904858	r1	ACATATAAGGTCACACAGGA	9764834	
9764838	0.2500409	r2	ACATATAAGGTCACACAGGA	9764834	
9764838	0.116901409	r3	ACATATAAGGTCACACAGGA	9764834	
9764840	0.229904858	r1	ACATATAAGGTCACACAGGA	9764834	
9764840	0.2500409	r2	ACATATAAGGTCACACAGGA	9764834	
9764840	0.116901409	r3	ACATATAAGGTCACACAGGA	9764834	
9764840	0.55102484	r1	TTCTACATATAAGGTCACAC	9764838	
9764840	0.463805365	r2	TTCTACATATAAGGTCACAC	9764838	
9764840	0.353763887	r3	TTCTACATATAAGGTCACAC	9764838	
9764842	0.55102484	r1	TTCTACATATAAGGTCACAC	9764838	
9764842	0.463805365	r2	TTCTACATATAAGGTCACAC	9764838	
9764842	0.353763887	r3	TTCTACATATAAGGTCACAC	9764838	
9764842	0.28029951	r1	TGACCTTATATGTAGAATCC	9764841	
9764842	0.127341182	r2	TGACCTTATATGTAGAATCC	9764841	
9764842	0.423512236	r3	TGACCTTATATGTAGAATCC	9764841	
9764852	-0.015150897	r1	CACCCTGGATTCTACATATA	9764847	
9764852	0.172751147	r2	CACCCTGGATTCTACATATA	9764847	
9764852	-0.041378556	r3	CACCCTGGATTCTACATATA	9764847	
9764862	-0.106665362	r1	TCCAGGGTGAGACGTCAGAA	9764858	
9764862	-0.295644993	r2	TCCAGGGTGAGACGTCAGAA	9764858	
9764862	0.04865878	r3	TCCAGGGTGAGACGTCAGAA	9764858	
9764863	-0.106665362	r1	TCCAGGGTGAGACGTCAGAA	9764858	
9764863	-0.295644993	r2	TCCAGGGTGAGACGTCAGAA	9764858	
9764863	0.04865878	r3	TCCAGGGTGAGACGTCAGAA	9764858	
9764864	-0.106665362	r1	TCCAGGGTGAGACGTCAGAA	9764858	
9764864	-0.295644993	r2	TCCAGGGTGAGACGTCAGAA	9764858	
9764864	0.04865878	r3	TCCAGGGTGAGACGTCAGAA	9764858	
9764863		r1	TCCTTTCTGACGTCTCACCC	9764862	
9764863	0.14095873	r2	TCCTTTCTGACGTCTCACCC	9764862	
9764863	0.430688649	r3	TCCTTTCTGACGTCTCACCC	9764862	
9764864		r1	TCCTTTCTGACGTCTCACCC	9764862	
9764864	0.14095873	r2	TCCTTTCTGACGTCTCACCC	9764862	
9764864	0.430688649	r3	TCCTTTCTGACGTCTCACCC	9764862	
9764866		r1	TCCTTTCTGACGTCTCACCC	9764862	
9764866	0.14095873	r2	TCCTTTCTGACGTCTCACCC	9764862	
9764866	0.430688649	r3	TCCTTTCTGACGTCTCACCC	9764862	
9764868		r1	TCCTTTCTGACGTCTCACCC	9764862	
9764868	0.14095873	r2	TCCTTTCTGACGTCTCACCC	9764862	
9764868	0.430688649	r3	TCCTTTCTGACGTCTCACCC	9764862	
9764875	-0.517318143	r1	TCAGAAAGGAAGTAAAGATG	9764872	
9764875	-0.166245356	r2	TCAGAAAGGAAGTAAAGATG	9764872	
9764875	-0.158849247	r3	TCAGAAAGGAAGTAAAGATG	9764872	
9764879	-0.517318143	r1	TCAGAAAGGAAGTAAAGATG	9764872	
9764879	-0.166245356	r2	TCAGAAAGGAAGTAAAGATG	9764872	
9764879	-0.158849247	r3	TCAGAAAGGAAGTAAAGATG	9764872	
9764907	-0.187360579	r1	AGATGCAAAGTGTGCAGAGA	9764906	
9764907	-0.227503451	r2	AGATGCAAAGTGTGCAGAGA	9764906	
9764907	-0.15178797	r3	AGATGCAAAGTGTGCAGAGA	9764906	
9764910	-0.187360579	r1	AGATGCAAAGTGTGCAGAGA	9764906	
9764910	-0.227503451	r2	AGATGCAAAGTGTGCAGAGA	9764906	
9764910	-0.15178797	r3	AGATGCAAAGTGTGCAGAGA	9764906	
9764910	0.605385575	r1	TGCAAAGTGTGCAGAGAAGG	9764909	
9764910	0.56287001	r2	TGCAAAGTGTGCAGAGAAGG	9764909	
9764910	0.607479349	r3	TGCAAAGTGTGCAGAGAAGG	9764909	
9764915	0.605385575	r1	TGCAAAGTGTGCAGAGAAGG	9764909	
9764915	0.56287001	r2	TGCAAAGTGTGCAGAGAAGG	9764909	
9764915	0.607479349	r3	TGCAAAGTGTGCAGAGAAGG	9764909	
9764915	1.14520253	r1	GCAAAGTGTGCAGAGAAGGT	9764910	
9764915	0.593218948	r2	GCAAAGTGTGCAGAGAAGGT	9764910	
9764915	0.780513748	r3	GCAAAGTGTGCAGAGAAGGT	9764910	
9764917	1.14520253	r1	GCAAAGTGTGCAGAGAAGGT	9764910	
9764917	0.593218948	r2	GCAAAGTGTGCAGAGAAGGT	9764910	
9764917	0.780513748	r3	GCAAAGTGTGCAGAGAAGGT	9764910	
9764915	0.951589626	r1	CAAAGTGTGCAGAGAAGGTG	9764911	
9764915	0.343763495	r2	CAAAGTGTGCAGAGAAGGTG	9764911	
9764915	0.763021032	r3	CAAAGTGTGCAGAGAAGGTG	9764911	
9764917	0.951589626	r1	CAAAGTGTGCAGAGAAGGTG	9764911	
9764917	0.343763495	r2	CAAAGTGTGCAGAGAAGGTG	9764911	
9764917	0.763021032	r3	CAAAGTGTGCAGAGAAGGTG	9764911	
9764950	1.466710708	r1	TATCAGACAGCTGCAGCAGC	9764945	
9764950	1.311688521	r2	TATCAGACAGCTGCAGCAGC	9764945	
9764950	0.995655549	r3	TATCAGACAGCTGCAGCAGC	9764945	
9765000	0.936040732	r1	TGTCTTAGGTCGGAAGTCTG	9764998	
9765000	0.235452049	r2	TGTCTTAGGTCGGAAGTCTG	9764998	
9765000	0.772715715	r3	TGTCTTAGGTCGGAAGTCTG	9764998	
9765014	0.48037022	r1	CTCCGGAAATTGTCTTAGGT	9765008	
9765014	0.182270856	r2	CTCCGGAAATTGTCTTAGGT	9765008	
9765014	0.504649449	r3	CTCCGGAAATTGTCTTAGGT	9765008	
9765014	0.626073001	r1	TTGTCTCCGGAAATTGTCTT	9765012	
9765014	0.60615931	r2	TTGTCTCCGGAAATTGTCTT	9765012	
9765014	0.651108924	r3	TTGTCTCCGGAAATTGTCTT	9765012	
9765027	0.341470258	r1	AGAGATGAGCAGTTTGTCTC	9765025	
9765027	0.595583649	r2	AGAGATGAGCAGTTTGTCTC	9765025	
9765027	0.168043262	r3	AGAGATGAGCAGTTTGTCTC	9765025	
9765066	-0.061862593	r1	AACCTAATTCACCCACTGAA	9765062	
9765066	-0.045147752	r2	AACCTAATTCACCCACTGAA	9765062	
9765066	-0.17802104	r3	AACCTAATTCACCCACTGAA	9765062	
9765068	-0.061862593	r1	AACCTAATTCACCCACTGAA	9765062	
9765068	-0.045147752	r2	AACCTAATTCACCCACTGAA	9765062	
9765068	-0.17802104	r3	AACCTAATTCACCCACTGAA	9765062	
9765069	-0.061862593	r1	AACCTAATTCACCCACTGAA	9765062	
9765069	-0.045147752	r2	AACCTAATTCACCCACTGAA	9765062	
9765069	-0.17802104	r3	AACCTAATTCACCCACTGAA	9765062	
9765069	0.048425929	r1	GGGTGAATTAGGTTTCTGAA	9765068	
9765069	0.191615582	r2	GGGTGAATTAGGTTTCTGAA	9765068	
9765069	0.214959789	r3	GGGTGAATTAGGTTTCTGAA	9765068	
9765070	0.048425929	r1	GGGTGAATTAGGTTTCTGAA	9765068	
9765070	0.191615582	r2	GGGTGAATTAGGTTTCTGAA	9765068	
9765070	0.214959789	r3	GGGTGAATTAGGTTTCTGAA	9765068	
9765072	0.048425929	r1	GGGTGAATTAGGTTTCTGAA	9765068	
9765072	0.191615582	r2	GGGTGAATTAGGTTTCTGAA	9765068	
9765072	0.214959789	r3	GGGTGAATTAGGTTTCTGAA	9765068	
9765153	-0.272483815	r1	TTAATGCAAATTACACAAAT	9765148	
9765153	0.021141288	r2	TTAATGCAAATTACACAAAT	9765148	
9765153	-0.15003632	r3	TTAATGCAAATTACACAAAT	9765148	
9765193	-0.155427231	r1	AAAAACACAAAGGCACCTGC	9765190	
9765193	-0.258395342	r2	AAAAACACAAAGGCACCTGC	9765190	
9765193	0.003220444	r3	AAAAACACAAAGGCACCTGC	9765190	
9765194	-0.155427231	r1	AAAAACACAAAGGCACCTGC	9765190	
9765194	-0.258395342	r2	AAAAACACAAAGGCACCTGC	9765190	
9765194	0.003220444	r3	AAAAACACAAAGGCACCTGC	9765190	
9765196	-0.155427231	r1	AAAAACACAAAGGCACCTGC	9765190	
9765196	-0.258395342	r2	AAAAACACAAAGGCACCTGC	9765190	
9765196	0.003220444	r3	AAAAACACAAAGGCACCTGC	9765190	
9765202	0.02420051	r1	TAAACAATTCAAAAACACAA	9765200	
9765202	-0.177267969	r2	TAAACAATTCAAAAACACAA	9765200	
9765202	-0.134628182	r3	TAAACAATTCAAAAACACAA	9765200	
9765204	0.02420051	r1	TAAACAATTCAAAAACACAA	9765200	
9765204	-0.177267969	r2	TAAACAATTCAAAAACACAA	9765200	
9765204	-0.134628182	r3	TAAACAATTCAAAAACACAA	9765200	
9765210	-0.581420225	r1	TTTGAATTGTTTACCGTAAA	9765207	
9765210	-0.127001005	r2	TTTGAATTGTTTACCGTAAA	9765207	
9765210	-0.144705139	r3	TTTGAATTGTTTACCGTAAA	9765207	
9765222	-0.012901264	r1	TTACCGTAAAGGGTCAATGA	9765217	
9765222	-0.421110288	r2	TTACCGTAAAGGGTCAATGA	9765217	
9765222	-0.053943629	r3	TTACCGTAAAGGGTCAATGA	9765217	
9765235	-0.294852571	r1	TGAAGGTAACCATGAGTAAA	9765234	
9765235	0.088358056	r2	TGAAGGTAACCATGAGTAAA	9765234	
9765235	-0.13836869	r3	TGAAGGTAACCATGAGTAAA	9765234	
9765238	-0.294852571	r1	TGAAGGTAACCATGAGTAAA	9765234	
9765238	0.088358056	r2	TGAAGGTAACCATGAGTAAA	9765234	
9765238	-0.13836869	r3	TGAAGGTAACCATGAGTAAA	9765234	
9765239	-0.294852571	r1	TGAAGGTAACCATGAGTAAA	9765234	
9765239	0.088358056	r2	TGAAGGTAACCATGAGTAAA	9765234	
9765239	-0.13836869	r3	TGAAGGTAACCATGAGTAAA	9765234	
9765238	-0.200006262	r1	GAAGGTAACCATGAGTAAAC	9765235	
9765238	-0.000930184	r2	GAAGGTAACCATGAGTAAAC	9765235	
9765238	-0.25016092	r3	GAAGGTAACCATGAGTAAAC	9765235	
9765239	-0.200006262	r1	GAAGGTAACCATGAGTAAAC	9765235	
9765239	-0.000930184	r2	GAAGGTAACCATGAGTAAAC	9765235	
9765239	-0.25016092	r3	GAAGGTAACCATGAGTAAAC	9765235	
9765238	-0.151092602	r1	AAGGTAACCATGAGTAAACG	9765236	
9765238	-0.359326157	r2	AAGGTAACCATGAGTAAACG	9765236	
9765238	-0.144082208	r3	AAGGTAACCATGAGTAAACG	9765236	
9765239	-0.151092602	r1	AAGGTAACCATGAGTAAACG	9765236	
9765239	-0.359326157	r2	AAGGTAACCATGAGTAAACG	9765236	
9765239	-0.144082208	r3	AAGGTAACCATGAGTAAACG	9765236	
9765238	-0.294649186	r1	AGGTAACCATGAGTAAACGG	9765237	
9765238	-0.419428623	r2	AGGTAACCATGAGTAAACGG	9765237	
9765238	-0.105294829	r3	AGGTAACCATGAGTAAACGG	9765237	
9765239	-0.294649186	r1	AGGTAACCATGAGTAAACGG	9765237	
9765239	-0.419428623	r2	AGGTAACCATGAGTAAACGG	9765237	
9765239	-0.105294829	r3	AGGTAACCATGAGTAAACGG	9765237	
9765247	0.031837198	r1	GGAAATCCCCCGTTTACTCA	9765246	
9765247	-0.009425283	r2	GGAAATCCCCCGTTTACTCA	9765246	
9765247	0.190816484	r3	GGAAATCCCCCGTTTACTCA	9765246	
9765249	0.031837198	r1	GGAAATCCCCCGTTTACTCA	9765246	
9765249	-0.009425283	r2	GGAAATCCCCCGTTTACTCA	9765246	
9765249	0.190816484	r3	GGAAATCCCCCGTTTACTCA	9765246	
9765291	0.694361204	r1	ACTTGAAGAGGACAGAAGGT	9765284	
9765291	0.245562495	r2	ACTTGAAGAGGACAGAAGGT	9765284	
9765291	0.634471393	r3	ACTTGAAGAGGACAGAAGGT	9765284	
9765291	-0.122835645	r1	AAAGACTTGAAGAGGACAGA	9765288	
9765291	-0.055925585	r2	AAAGACTTGAAGAGGACAGA	9765288	
9765291	-0.050790234	r3	AAAGACTTGAAGAGGACAGA	9765288	
9765302	0.078944416	r1	GAAAGTTCAAAGACTTGAAG	9765296	
9765302	-0.421598682	r2	GAAAGTTCAAAGACTTGAAG	9765296	
9765302	0.010585538	r3	GAAAGTTCAAAGACTTGAAG	9765296	
9765333	0.133883842	r1	TTTCAGATGTTCCATTGAAG	9765326	
9765333	0.153166658	r2	TTTCAGATGTTCCATTGAAG	9765326	
9765333	0.239839483	r3	TTTCAGATGTTCCATTGAAG	9765326	
9765342	-0.414083487	r1	TGAAACACAAAAAATGAGCT	9765341	
9765342	-0.207721091	r2	TGAAACACAAAAAATGAGCT	9765341	
9765342	-0.010939929	r3	TGAAACACAAAAAATGAGCT	9765341	
9765356	0.068782495	r1	TGAGCTTGGAAAGTGTGAGC	9765355	
9765356	-0.003779613	r2	TGAGCTTGGAAAGTGTGAGC	9765355	
9765356	0.080509384	r3	TGAGCTTGGAAAGTGTGAGC	9765355	
9765358	0.068782495	r1	TGAGCTTGGAAAGTGTGAGC	9765355	
9765358	-0.003779613	r2	TGAGCTTGGAAAGTGTGAGC	9765355	
9765358	0.080509384	r3	TGAGCTTGGAAAGTGTGAGC	9765355	
9765362	0.068782495	r1	TGAGCTTGGAAAGTGTGAGC	9765355	
9765362	-0.003779613	r2	TGAGCTTGGAAAGTGTGAGC	9765355	
9765362	0.080509384	r3	TGAGCTTGGAAAGTGTGAGC	9765355	
9765422	-0.25594594	r1	TGCTTGTGTACACACAAGCT	9765421	
9765422	-0.224604346	r2	TGCTTGTGTACACACAAGCT	9765421	
9765422	-0.169567603	r3	TGCTTGTGTACACACAAGCT	9765421	
9765426	-0.25594594	r1	TGCTTGTGTACACACAAGCT	9765421	
9765426	-0.224604346	r2	TGCTTGTGTACACACAAGCT	9765421	
9765426	-0.169567603	r3	TGCTTGTGTACACACAAGCT	9765421	
9765428	-0.25594594	r1	TGCTTGTGTACACACAAGCT	9765421	
9765428	-0.224604346	r2	TGCTTGTGTACACACAAGCT	9765421	
9765428	-0.169567603	r3	TGCTTGTGTACACACAAGCT	9765421	
9765534	-0.318374851	r1	TTAGGTAAAGTACTCAGACA	9765533	
9765534	-0.159821603	r2	TTAGGTAAAGTACTCAGACA	9765533	
9765534	-0.092940496	r3	TTAGGTAAAGTACTCAGACA	9765533	
9765538	-0.318374851	r1	TTAGGTAAAGTACTCAGACA	9765533	
9765538	-0.159821603	r2	TTAGGTAAAGTACTCAGACA	9765533	
9765538	-0.092940496	r3	TTAGGTAAAGTACTCAGACA	9765533	
9765540	-0.318374851	r1	TTAGGTAAAGTACTCAGACA	9765533	
9765540	-0.159821603	r2	TTAGGTAAAGTACTCAGACA	9765533	
9765540	-0.092940496	r3	TTAGGTAAAGTACTCAGACA	9765533	
9765590	-0.032652045	r1	GAGACTACTCTCAAAGATAA	9765588	
9765590	-0.143054434	r2	GAGACTACTCTCAAAGATAA	9765588	
9765590	-0.025589749	r3	GAGACTACTCTCAAAGATAA	9765588	
9765637	-0.291416434	r1	GCCTACCTTAAAATTCTATA	9765633	
9765637	0.129931641	r2	GCCTACCTTAAAATTCTATA	9765633	
9765637	-0.181662889	r3	GCCTACCTTAAAATTCTATA	9765633	
9765646	-0.192596954	r1	TTTAAGGTAGGCCGGGGTCT	9765641	
9765646	0.027831854	r2	TTTAAGGTAGGCCGGGGTCT	9765641	
9765646	-0.251685948	r3	TTTAAGGTAGGCCGGGGTCT	9765641	
9765647	-0.192596954	r1	TTTAAGGTAGGCCGGGGTCT	9765641	
9765647	0.027831854	r2	TTTAAGGTAGGCCGGGGTCT	9765641	
9765647	-0.251685948	r3	TTTAAGGTAGGCCGGGGTCT	9765641	
9765656	0.231130998	r1	TAGCATAGTAGCCCAGACCC	9765655	
9765656	0.817622015	r2	TAGCATAGTAGCCCAGACCC	9765655	
9765656	0.411471328	r3	TAGCATAGTAGCCCAGACCC	9765655	
9765657	0.231130998	r1	TAGCATAGTAGCCCAGACCC	9765655	
9765657	0.817622015	r2	TAGCATAGTAGCCCAGACCC	9765655	
9765657	0.411471328	r3	TAGCATAGTAGCCCAGACCC	9765655	
9765661	0.231130998	r1	TAGCATAGTAGCCCAGACCC	9765655	
9765661	0.817622015	r2	TAGCATAGTAGCCCAGACCC	9765655	
9765661	0.411471328	r3	TAGCATAGTAGCCCAGACCC	9765655	
9765662	0.231130998	r1	TAGCATAGTAGCCCAGACCC	9765655	
9765662	0.817622015	r2	TAGCATAGTAGCCCAGACCC	9765655	
9765662	0.411471328	r3	TAGCATAGTAGCCCAGACCC	9765655	
9765684	-0.46403667	r1	AAAATGTATCCAATTGTACT	9765679	
9765684	-0.156439271	r2	AAAATGTATCCAATTGTACT	9765679	
9765684	-0.242291503	r3	AAAATGTATCCAATTGTACT	9765679	
9765694	-0.160298586	r1	AAACAAGATCCAAGTACAAT	9765691	
9765694	-0.344788698	r2	AAACAAGATCCAAGTACAAT	9765691	
9765694	-0.129711113	r3	AAACAAGATCCAAGTACAAT	9765691	
9765741	-0.026302762	r1	ACTGCTTATCCCACTTCCTG	9765738	
9765741	-0.259693575	r2	ACTGCTTATCCCACTTCCTG	9765738	
9765741	-0.142085661	r3	ACTGCTTATCCCACTTCCTG	9765738	
9765757	-0.221797557	r1	CACACAGATCCACAGGAAGT	9765750	
9765757	0.12614005	r2	CACACAGATCCACAGGAAGT	9765750	
9765757	-0.086639142	r3	CACACAGATCCACAGGAAGT	9765750	
9765757	-0.08951565	r1	GCACACAGATCCACAGGAAG	9765751	
9765757	-0.46238991	r2	GCACACAGATCCACAGGAAG	9765751	
9765757	-0.086845678	r3	GCACACAGATCCACAGGAAG	9765751	
9765759	-0.043715341	r1	TTAGGTGCACACAGATCCAC	9765757	
9765759	-0.103663864	r2	TTAGGTGCACACAGATCCAC	9765757	
9765759	0.088488004	r3	TTAGGTGCACACAGATCCAC	9765757	
9765760	-0.043715341	r1	TTAGGTGCACACAGATCCAC	9765757	
9765760	-0.103663864	r2	TTAGGTGCACACAGATCCAC	9765757	
9765760	0.088488004	r3	TTAGGTGCACACAGATCCAC	9765757	
9765765	-0.401937782	r1	TGTGTGCACCTAACATACCT	9765764	
9765765	0.31536294	r2	TGTGTGCACCTAACATACCT	9765764	
9765765	-0.037137952	r3	TGTGTGCACCTAACATACCT	9765764	
9765767	-0.401937782	r1	TGTGTGCACCTAACATACCT	9765764	
9765767	0.31536294	r2	TGTGTGCACCTAACATACCT	9765764	
9765767	-0.037137952	r3	TGTGTGCACCTAACATACCT	9765764	
9765769	-0.401937782	r1	TGTGTGCACCTAACATACCT	9765764	
9765769	0.31536294	r2	TGTGTGCACCTAACATACCT	9765764	
9765769	-0.037137952	r3	TGTGTGCACCTAACATACCT	9765764	
9765785	0.104285711	r1	ACCTAGGAAATGCCTCCAGG	9765780	
9765785	-0.188193178	r2	ACCTAGGAAATGCCTCCAGG	9765780	
9765785	0.081057607	r3	ACCTAGGAAATGCCTCCAGG	9765780	
9765786	0.104285711	r1	ACCTAGGAAATGCCTCCAGG	9765780	
9765786	-0.188193178	r2	ACCTAGGAAATGCCTCCAGG	9765780	
9765786	0.081057607	r3	ACCTAGGAAATGCCTCCAGG	9765780	
9765785	-0.217621384	r1	TCCACCTGGAGGCATTTCCT	9765784	
9765785	-0.08850001	r2	TCCACCTGGAGGCATTTCCT	9765784	
9765785	-0.084674013	r3	TCCACCTGGAGGCATTTCCT	9765784	
9765786	-0.217621384	r1	TCCACCTGGAGGCATTTCCT	9765784	
9765786	-0.08850001	r2	TCCACCTGGAGGCATTTCCT	9765784	
9765786	-0.084674013	r3	TCCACCTGGAGGCATTTCCT	9765784	
9765791	-0.217621384	r1	TCCACCTGGAGGCATTTCCT	9765784	
9765791	-0.08850001	r2	TCCACCTGGAGGCATTTCCT	9765784	
9765791	-0.084674013	r3	TCCACCTGGAGGCATTTCCT	9765784	
9765798	-0.111218868	r1	CTCCAGGTGGATGACATTCT	9765793	
9765798	-0.273130575	r2	CTCCAGGTGGATGACATTCT	9765793	
9765798	-0.02609645	r3	CTCCAGGTGGATGACATTCT	9765793	
9765799	-0.111218868	r1	CTCCAGGTGGATGACATTCT	9765793	
9765799	-0.273130575	r2	CTCCAGGTGGATGACATTCT	9765793	
9765799	-0.02609645	r3	CTCCAGGTGGATGACATTCT	9765793	
9765799	0.069256536	r1	GTCCCAGAATGTCATCCACC	9765798	
9765799	0.071986958	r2	GTCCCAGAATGTCATCCACC	9765798	
9765799	-0.271993184	r3	GTCCCAGAATGTCATCCACC	9765798	
9765801	0.069256536	r1	GTCCCAGAATGTCATCCACC	9765798	
9765801	0.071986958	r2	GTCCCAGAATGTCATCCACC	9765798	
9765801	-0.271993184	r3	GTCCCAGAATGTCATCCACC	9765798	
9765802	0.069256536	r1	GTCCCAGAATGTCATCCACC	9765798	
9765802	0.071986958	r2	GTCCCAGAATGTCATCCACC	9765798	
9765802	-0.271993184	r3	GTCCCAGAATGTCATCCACC	9765798	
9765805	0.069256536	r1	GTCCCAGAATGTCATCCACC	9765798	
9765805	0.071986958	r2	GTCCCAGAATGTCATCCACC	9765798	
9765805	-0.271993184	r3	GTCCCAGAATGTCATCCACC	9765798	
