out	out_rc	baseid	basepos	wt_base	out_diff	out_diff_rc
82.29175	87.464676	0	9756356	1	-0.014122878	-0.018380772
81.14574	85.886024	1	9756356	1	0.0	0.0
81.96697	87.670135	2	9756356	1	-0.010120503	-0.020773007
82.177536	86.624916	3	9756356	1	-0.012715385	-0.008603165
79.525604	84.89087	0	9756358	1	0.019965712	0.01158693
81.14574	85.886024	1	9756358	1	0.0	0.0
80.79562	85.38677	2	9756358	1	0.0043146187	0.0058129635
80.72317	84.43579	0	9756363	1	0.0052075353	0.016885558
80.77852	85.53814	3	9756358	1	0.0045254137	0.004050544
81.14574	85.886024	1	9756363	1	0.0	0.0
81.0993	85.34865	2	9756363	1	0.0005723052	0.006256855
79.98201	84.34392	3	9756363	1	0.014341195	0.017955268
81.14574	85.886024	1	9760779	1	0.0	0.0
81.02681	87.94169	2	9760779	1	0.0014655977	-0.02393479
79.664894	85.102325	0	9760779	1	0.018249173	0.009124872
74.65351	82.09462	3	9760779	1	0.08000699	0.044144604
80.12625	85.48409	0	9763122	1	0.012563636	0.0046798275
81.14574	85.886024	1	9763122	1	0.0	0.0
80.70288	85.657616	3	9763122	1	0.005457537	0.002659441
80.87538	85.93347	2	9763122	1	0.0033317243	-0.00055244385
81.30729	85.99421	0	9763123	1	-0.0019908925	-0.0012596323
81.14574	85.886024	1	9763123	1	0.0	0.0
80.62996	85.7306	3	9763123	1	0.0063561886	0.0018096777
80.62688	85.60762	2	9763123	1	0.006394173	0.0032415546
81.17169	85.90834	0	9763126	1	-0.00031985907	-0.00025983248
81.14574	85.886024	1	9763126	1	0.0	0.0
81.07251	85.91289	2	9763126	1	0.0009024125	-0.00031277613
81.12131	85.837685	3	9763126	1	0.00030105488	0.0005628371
79.92052	85.26297	0	9763179	1	0.015099003	0.0072544343
80.40769	85.74846	2	9763179	1	0.009095299	0.0016017229
81.14574	85.886024	1	9763179	1	0.0	0.0
80.57843	85.51079	3	9763179	1	0.0069912053	0.0043690056
80.25681	85.72767	0	9763180	1	0.010954656	0.001843789
81.14574	85.886024	1	9763180	1	0.0	0.0
79.39482	85.08541	2	9763180	1	0.021577418	0.009321813
80.66879	85.63186	3	9763180	1	0.005877622	0.0029593366
80.53377	85.43678	2	9763182	1	0.007541604	0.005230672
80.78515	85.87047	0	9763182	1	0.0044437093	0.00018112767
81.14574	85.886024	1	9763182	1	0.0	0.0
81.019936	85.74683	3	9763182	1	0.0015503105	0.001620644
80.75476	85.822876	0	9763260	1	0.0048181945	0.0007352593
81.14574	85.886024	1	9763260	1	0.0	0.0
80.90554	85.91712	2	9763260	1	0.0029600598	-0.00036207767
80.921135	85.95619	3	9763260	1	0.0027678811	-0.0008169844
82.26118	86.21274	0	9763261	1	-0.013746137	-0.0038040364
81.14574	85.886024	1	9763261	1	0.0	0.0
80.94797	85.426926	2	9763261	1	0.0024372095	0.005345443
82.27984	86.30787	3	9763261	1	-0.013976112	-0.004911678
80.935745	85.427155	0	9763264	1	0.002587831	0.005342778
81.14574	85.886024	1	9763264	1	0.0	0.0
81.4449	85.95489	2	9763264	1	-0.0036867473	-0.0008017942
81.761185	86.22044	3	9763264	1	-0.0075844773	-0.0038937563
81.459076	86.004974	0	9763298	1	-0.003861438	-0.0013849738
81.14574	85.886024	1	9763298	1	0.0	0.0
80.82182	85.99075	2	9763298	1	0.003991751	-0.0012193916
81.28589	85.62302	3	9763298	1	-0.0017271638	0.0030622925
81.25934	85.80499	0	9763301	1	-0.0013999711	0.00094348064
81.14574	85.886024	1	9763301	1	0.0	0.0
81.25752	85.737	2	9763301	1	-0.0013775941	0.001735148
80.45653	85.58119	3	9763301	1	0.008493471	0.0035492673
80.49368	85.63599	0	9763302	1	0.00803559	0.0029112785
79.635895	84.68495	2	9763302	1	0.018606547	0.013984495
81.14574	85.886024	1	9763302	1	0.0	0.0
81.19574	85.94083	3	9763302	1	-0.0006162129	-0.0006380775
81.074135	86.16492	0	9763304	1	0.00088238606	-0.0032472399
81.14574	85.886024	1	9763304	1	0.0	0.0
81.09923	85.95792	2	9763304	1	0.00057315134	-0.00083706033
81.138565	86.101265	3	9763304	1	8.837964e-05	-0.0025061176
81.14574	85.886024	1	9763305	1	0.0	0.0
80.470856	85.45593	2	9763305	1	0.0083169	0.0050077047
82.06711	86.75963	0	9763305	1	-0.011354527	-0.010171665
81.49118	86.31055	3	9763305	1	-0.004257078	-0.0049428577
80.99398	86.17598	0	9763307	1	0.0018701695	-0.0033760457
81.14574	85.886024	1	9763307	1	0.0	0.0
80.89279	86.263016	2	9763307	1	0.0031171686	-0.004389437
81.28272	86.17357	3	9763307	1	-0.0016881451	-0.003347975
79.8179	85.28824	0	9763311	1	0.016363584	0.006960224
81.14574	85.886024	1	9763311	1	0.0	0.0
79.37558	84.13024	2	9763311	1	0.02181454	0.020443175
80.52058	85.28674	3	9763311	1	0.0077041658	0.006977635
80.42175	85.10651	0	9763325	1	0.008922018	0.009076193
81.14574	85.886024	1	9763325	1	0.0	0.0
80.6414	85.89431	2	9763325	1	0.006215157	-9.6471136e-05
81.12862	85.66887	3	9763325	1	0.00021098288	0.0025284144
80.56914	85.610954	0	9763331	1	0.007105723	0.0032027352
81.14574	85.886024	1	9763331	1	0.0	0.0
81.08313	85.7047	2	9763331	1	0.00077153544	0.002111261
80.47777	85.42607	3	9763331	1	0.008231717	0.0053553917
81.06436	85.758545	0	9763333	1	0.0010028268	0.0014842876
81.14574	85.886024	1	9763333	1	0.0	0.0
81.02388	85.63772	2	9763333	1	0.0015017017	0.0028911137
80.507034	85.3174	3	9763333	1	0.007871053	0.0066207093
80.78139	85.859886	0	9763369	1	0.0044900617	0.00030433713
81.14574	85.886024	1	9763369	1	0.0	0.0
81.03902	85.8286	2	9763369	1	0.0013151643	0.0006686356
81.04552	85.94452	3	9763369	1	0.0012350584	-0.000681072
80.63451	85.72475	0	9763395	1	0.006300152	0.0018778116
81.14574	85.886024	1	9763395	1	0.0	0.0
80.62616	85.76008	2	9763395	1	0.006403011	0.0014664324
80.59235	85.72763	3	9763395	1	0.0068197115	0.0018442333
80.71991	85.85717	0	9763397	1	0.005247682	0.00033596117
80.603775	85.65619	2	9763397	1	0.006678868	0.0026760525
81.14574	85.886024	1	9763397	1	0.0	0.0
80.76761	85.765305	3	9763397	1	0.0046598637	0.0014055826
80.60896	85.783875	0	9763399	1	0.0066149337	0.0011893666
81.14574	85.886024	1	9763399	1	0.0	0.0
80.79709	85.745255	2	9763399	1	0.004296567	0.0016390322
80.742065	85.87894	3	9763399	1	0.0049746456	8.252457e-05
80.932915	85.79517	0	9763402	1	0.0026227129	0.0010578069
81.19307	85.78674	2	9763402	1	-0.0005833056	0.0011559658
81.14574	85.886024	1	9763402	1	0.0	0.0
80.91937	85.783554	3	9763402	1	0.0027895998	0.0011930974
80.99826	85.702194	0	9764375	1	0.0018174239	0.002140398
81.14574	85.886024	1	9764375	1	0.0	0.0
81.02528	85.27197	2	9764375	1	0.0014844019	0.007149613
80.96847	85.768486	3	9764375	1	0.0021845754	0.0013685399
80.61195	85.72712	2	9764396	1	0.0065780776	0.001850185
80.37277	86.13077	0	9764396	1	0.0095256325	-0.0028496294
81.14574	85.886024	1	9764396	1	0.0	0.0
80.71004	86.24838	3	9764396	1	0.005369345	-0.0042190575
80.67058	86.2896	0	9764397	1	0.0058556213	-0.004698926
81.14574	85.886024	1	9764397	1	0.0	0.0
80.879135	85.67856	2	9764397	1	0.003285466	0.0024155981
80.76453	86.15839	3	9764397	1	0.004697848	-0.0031712
81.02439	85.29242	0	9764407	1	0.0014954023	0.006911544
81.14574	85.886024	1	9764407	1	0.0	0.0
80.764694	85.69722	2	9764407	1	0.0046957796	0.0021983162
80.48567	85.23419	3	9764407	1	0.008134311	0.007589507
80.585266	85.53209	0	9764427	1	0.006906963	0.0041209874
81.14574	85.886024	1	9764427	1	0.0	0.0
81.010864	85.76138	2	9764427	1	0.0016621014	0.0014512421
80.85376	85.63852	3	9764427	1	0.0035981794	0.0028817866
80.62435	85.521286	0	9764434	1	0.0064252936	0.004246773
81.14574	85.886024	1	9764434	1	0.0	0.0
81.29848	85.62419	2	9764434	1	-0.0018822983	0.0030486123
80.43021	85.32811	3	9764434	1	0.008817843	0.00649599
82.2112	86.79184	0	9764495	1	-0.013130206	-0.010546711
81.14574	85.886024	1	9764495	1	0.0	0.0
81.26643	86.25973	2	9764495	1	-0.0014874105	-0.0043511502
81.60475	86.44181	3	9764495	1	-0.005656673	-0.0064712055
80.89882	85.74234	0	9764503	1	0.003042892	0.0016729658
84.67735	87.93129	2	9764503	1	-0.043521896	-0.023813713
81.14574	85.886024	1	9764503	1	0.0	0.0
82.65503	86.683014	3	9764503	1	-0.018599777	-0.009279617
80.551315	85.32519	0	9764578	1	0.007325356	0.0065300125
81.14574	85.886024	1	9764578	1	0.0	0.0
79.918816	85.21657	2	9764578	1	0.01511997	0.007794708
80.063156	84.80512	3	9764578	1	0.013341188	0.012585308
81.14574	85.886024	1	9764582	1	0.0	0.0
81.08784	85.54095	0	9764582	1	0.0007135245	0.004017854
81.002716	86.463104	2	9764582	1	0.0017625156	-0.0067191347
80.14322	85.18267	3	9764582	1	0.012354533	0.008189387
80.58893	85.68324	0	9764596	1	0.006861833	0.0023610555
81.14574	85.886024	1	9764596	1	0.0	0.0
81.38279	86.47426	2	9764596	1	-0.002921323	-0.0068490067
80.15282	85.27152	3	9764596	1	0.012236255	0.007154854
80.536934	85.38364	0	9764597	1	0.007502585	0.005849473
81.14574	85.886024	1	9764597	1	0.0	0.0
80.633026	86.01779	2	9764597	1	0.0063183918	-0.0015342109
81.37009	86.87984	3	9764597	1	-0.0027647784	-0.011571296
80.90387	86.48985	0	9764599	1	0.0029806504	-0.0070305783
81.14574	85.886024	1	9764599	1	0.0	0.0
80.89092	86.07315	2	9764599	1	0.0031402037	-0.002178773
80.86737	85.87317	3	9764599	1	0.0034304461	0.00014968128
81.14574	85.886024	1	9764762	1	0.0	0.0
79.26358	84.93685	0	9764762	1	0.023194766	0.011051541
80.98097	85.71046	2	9764762	1	0.002030475	0.0020441932
81.17212	85.52146	3	9764762	1	-0.00032512425	0.00424473
81.2039	86.29547	0	9764778	1	-0.0007168153	-0.0047673266
81.14574	85.886024	1	9764778	1	0.0	0.0
81.74189	88.27873	2	9764778	1	-0.0073466985	-0.027859105
81.535995	86.31952	3	9764778	1	-0.0048093568	-0.0050473236
81.14574	85.886024	1	9764793	1	0.0	0.0
78.78134	85.2829	0	9764793	1	0.02913764	0.007022406
77.71898	84.52487	2	9764793	1	0.04222967	0.015848361
81.31089	86.31152	3	9764793	1	-0.0020352702	-0.004954228
75.035385	81.68787	0	9764835	1	0.075300954	0.048880573
81.14574	85.886024	1	9764835	1	0.0	0.0
76.4126	82.50911	2	9764835	1	0.05832887	0.03931856
77.85816	84.45833	3	9764835	1	0.040514447	0.016623149
74.19393	82.81038	0	9764836	1	0.08567061	0.03581078
75.873886	84.16347	2	9764836	1	0.064967684	0.020056315
81.14574	85.886024	1	9764836	1	0.0	0.0
75.97861	83.38775	3	9764836	1	0.063677154	0.029088268
81.370316	86.53352	0	9764844	1	-0.002767599	-0.0075390507
81.14574	85.886024	1	9764844	1	0.0	0.0
82.57678	87.91383	2	9764844	1	-0.017635498	-0.023610467
81.63988	86.337814	3	9764844	1	-0.0060895453	-0.005260342
82.298416	85.04667	0	9764845	1	-0.0142050525	0.0097729
78.962585	85.28015	2	9764845	1	0.026904078	0.0070543853
81.14574	85.886024	1	9764845	1	0.0	0.0
81.80484	85.16413	3	9764845	1	-0.008122465	0.008405248
86.147835	88.79909	0	9764859	1	-0.061643388	-0.033917777
81.14574	85.886024	1	9764859	1	0.0	0.0
87.26577	90.56729	2	9764859	1	-0.07542027	-0.05450557
86.08426	88.40852	3	9764859	1	-0.06085991	-0.02937031
81.14574	85.886024	1	9764860	1	0.0	0.0
84.980606	88.257385	2	9764860	1	-0.047259036	-0.027610555
83.86046	85.47857	0	9764860	1	-0.03345489	0.0047441414
87.013954	89.651665	3	9764860	1	-0.07231701	-0.04384462
76.5716	85.41251	0	9764870	1	0.05636938	0.0055132457
81.14574	85.886024	1	9764870	1	0.0	0.0
72.21577	84.40848	2	9764870	1	0.11004854	0.017203575
76.735855	84.883644	3	9764870	1	0.054345205	0.011671053
78.06639	84.26478	0	9764873	1	0.037948336	0.018876718
80.14197	86.834526	2	9764873	1	0.012369953	-0.011043725
81.14574	85.886024	1	9764873	1	0.0	0.0
85.062126	90.45796	3	9764873	1	-0.04826365	-0.053232614
79.819405	82.41493	0	9764911	1	0.016345061	0.0404151
81.14574	85.886024	1	9764911	1	0.0	0.0
77.08299	82.12964	2	9764911	1	0.050067253	0.043736868
78.81548	82.50284	3	9764911	1	0.028716896	0.03939158
76.23545	84.09915	0	9764920	1	0.06051194	0.020805165
81.14574	85.886024	1	9764920	1	0.0	0.0
77.338104	83.719284	2	9764920	1	0.046923384	0.02522809
76.076416	84.42224	3	9764920	1	0.062471807	0.017043322
61.34928	69.12997	0	9764948	1	0.24396174	0.19509645
81.14574	85.886024	1	9764948	1	0.0	0.0
61.52697	70.47146	2	9764948	1	0.241772	0.179477
55.610718	65.15825	3	9764948	1	0.31468096	0.24134049
74.30154	75.29863	0	9764952	1	0.08434454	0.12327261
73.84217	78.95589	2	9764952	1	0.09000554	0.08068994
81.14574	85.886024	1	9764952	1	0.0	0.0
74.83195	80.168236	3	9764952	1	0.07780802	0.06657415
72.08437	74.54211	0	9764955	1	0.11166777	0.13208106
81.14574	85.886024	1	9764955	1	0.0	0.0
63.07029	69.60487	2	9764955	1	0.22275288	0.18956694
79.2855	81.11311	3	9764955	1	0.022924645	0.055572618
81.14574	85.886024	1	9765002	1	0.0	0.0
61.462624	67.58186	2	9765002	1	0.24256498	0.21312153
48.551918	52.489685	0	9765002	1	0.40167013	0.38884488
61.96138	65.720215	3	9765002	1	0.23641855	0.23479733
66.21263	71.361145	0	9765005	1	0.18402822	0.16911808
81.14574	85.886024	1	9765005	1	0.0	0.0
61.82341	75.51147	2	9765005	1	0.23811881	0.120794475
59.51392	66.33217	3	9765005	1	0.26657984	0.22767214
64.40164	70.72332	0	9765006	1	0.20634596	0.17654449
46.130226	57.74961	2	9765006	1	0.43151388	0.32760176
81.14574	85.886024	1	9765006	1	0.0	0.0
59.891464	66.58751	3	9765006	1	0.26192716	0.22469914
74.31999	77.178986	0	9765009	1	0.08411711	0.10137899
81.14574	85.886024	1	9765009	1	0.0	0.0
76.99927	79.73482	2	9765009	1	0.05109904	0.07162058
86.95826	84.983406	3	9765009	1	-0.071630664	0.010509491
81.14574	85.886024	1	9765010	1	0.0	0.0
84.22688	81.08752	2	9765010	1	-0.037970524	0.055870645
81.661064	80.90775	0	9765010	1	-0.006350641	0.057963695
82.833824	83.459335	3	9765010	1	-0.020803157	0.028254762
71.35166	78.83153	0	9765016	1	0.12069734	0.08213789
81.14574	85.886024	1	9765016	1	0.0	0.0
74.962845	82.05269	2	9765016	1	0.076194905	0.044632826
81.466965	83.61479	3	9765016	1	-0.0039586555	0.02644473
81.14574	85.886024	1	9765022	1	0.0	0.0
59.39792	72.89078	0	9765022	1	0.26800936	0.15130804
59.55117	72.83159	2	9765022	1	0.26612076	0.15199721
58.392986	69.065216	3	9765022	1	0.28039366	0.19585036
80.612	83.8443	0	9765029	1	0.0065775136	0.023772497
81.14574	85.886024	1	9765029	1	0.0	0.0
79.119415	82.2966	2	9765029	1	0.024971385	0.041792877
83.921234	82.74477	3	9765029	1	-0.03420386	0.036574733
75.59537	80.95854	0	9765033	1	0.06840001	0.057372347
81.14574	85.886024	1	9765033	1	0.0	0.0
73.589836	82.88553	2	9765033	1	0.09311519	0.034935787
77.2126	80.45764	3	9765033	1	0.048470028	0.0632045
80.4452	86.18473	0	9765059	1	0.008633092	-0.0034779354
81.14574	85.886024	1	9765059	1	0.0	0.0
80.35129	86.10857	2	9765059	1	0.009790395	-0.0025911294
80.40069	84.69104	3	9765059	1	0.00918161	0.013913607
81.37588	86.60518	0	9765060	1	-0.00283614	-0.008373357
81.14574	85.886024	1	9765060	1	0.0	0.0
81.720406	87.43515	2	9765060	1	-0.0070819356	-0.018036993
81.10829	85.41568	3	9765060	1	0.00046145453	0.00547638
82.28767	87.06552	0	9765064	1	-0.014072577	-0.013733279
81.14574	85.886024	1	9765064	1	0.0	0.0
80.30316	86.54974	2	9765064	1	0.010383479	-0.0077279066
80.44911	85.734985	3	9765064	1	0.00858486	0.0017585995
81.14574	85.886024	1	9765142	1	0.0	0.0
80.83745	83.76588	2	9765142	1	0.003799196	0.024685595
78.82242	84.55825	0	9765142	1	0.02863143	0.015459722
79.6501	84.38341	3	9765142	1	0.01843148	0.017495476
82.00694	85.68254	0	9765144	1	-0.010613078	0.002369228
81.14574	85.886024	1	9765144	1	0.0	0.0
81.31308	83.9463	2	9765144	1	-0.0020622544	0.022584906
81.18988	85.419495	3	9765144	1	-0.0005440049	0.0054319645
81.117096	88.28427	0	9765154	1	0.00035295443	-0.027923597
80.15159	87.241	2	9765154	1	0.012251392	-0.015776407
81.14574	85.886024	1	9765154	1	0.0	0.0
81.58388	87.216576	3	9765154	1	-0.0053994316	-0.0154920565
77.280045	83.45473	0	9765191	1	0.047638882	0.028308416
81.14574	85.886024	1	9765191	1	0.0	0.0
76.40674	83.96299	2	9765191	1	0.058401078	0.022390543
76.951614	83.973724	3	9765191	1	0.051686294	0.022265555
76.27897	83.95011	0	9765197	1	0.059975646	0.02254049
81.14574	85.886024	1	9765197	1	0.0	0.0
73.090164	79.19502	2	9765197	1	0.0992729	0.077905595
78.207	83.142845	3	9765197	1	0.036215533	0.031939764
80.834145	86.25169	0	9765198	1	0.0038399072	-0.0042576105
81.14574	85.886024	1	9765198	1	0.0	0.0
80.73798	85.373184	2	9765198	1	0.0050249468	0.0059711724
81.185715	85.17298	3	9765198	1	-0.00049266947	0.008302203
81.14574	85.886024	1	9765220	1	0.0	0.0
80.91032	86.42131	0	9765220	1	0.0029012028	-0.006232515
79.6702	84.5547	2	9765220	1	0.01818383	0.015501029
79.67549	85.12442	3	9765220	1	0.018118579	0.008867616
81.87572	87.06474	0	9765221	1	-0.008995919	-0.013724218
81.14574	85.886024	1	9765221	1	0.0	0.0
81.26404	86.58663	2	9765221	1	-0.0014578879	-0.008157408
81.157	86.79183	3	9765221	1	-0.00013877483	-0.010546623
81.8365	89.344154	0	9765243	1	-0.008512652	-0.040264174
81.14574	85.886024	1	9765243	1	0.0	0.0
78.48616	81.84598	2	9765243	1	0.032775305	0.047039628
80.42193	84.598404	3	9765243	1	0.008919856	0.014992201
81.19139	84.54284	0	9765244	1	-0.000562621	0.015639162
81.14574	85.886024	1	9765244	1	0.0	0.0
79.64519	84.57599	2	9765244	1	0.018492028	0.015253188
78.405365	84.794655	3	9765244	1	0.03377099	0.012707185
80.58429	84.84555	0	9765254	1	0.0069189975	0.01211459
81.14574	85.886024	1	9765254	1	0.0	0.0
80.891205	86.79806	2	9765254	1	0.003136725	-0.0106191095
80.11168	84.87691	3	9765254	1	0.012743216	0.011749492
79.607315	84.16617	0	9765275	1	0.01895875	0.020024868
81.14574	85.886024	1	9765275	1	0.0	0.0
80.07927	84.03559	2	9765275	1	0.0131426165	0.02154522
80.24309	84.610916	3	9765275	1	0.0111238	0.014846517
81.65425	85.36868	0	9765277	1	-0.0062666805	0.006023583
81.50714	85.835464	2	9765277	1	-0.0044537694	0.00058868714
81.14574	85.886024	1	9765277	1	0.0	0.0
80.81442	85.741714	3	9765277	1	0.004082951	0.00168025
79.51535	85.74878	0	9765285	1	0.020092076	0.001597992
81.14574	85.886024	1	9765285	1	0.0	0.0
80.3992	84.682335	2	9765285	1	0.009199944	0.014014964
79.77908	85.58003	3	9765285	1	0.016841963	0.0035627696
80.29682	85.311874	0	9765286	1	0.010461611	0.006685023
81.14574	85.886024	1	9765286	1	0.0	0.0
80.74848	85.66328	2	9765286	1	0.004895574	0.002593528
79.89109	85.181366	3	9765286	1	0.015461641	0.0082045775
80.45282	85.45932	0	9765289	1	0.008539165	0.0049682637
81.14574	85.886024	1	9765289	1	0.0	0.0
80.1325	85.085815	2	9765289	1	0.012486633	0.009317105
80.1298	85.419365	3	9765289	1	0.012519916	0.0054334747
81.14574	85.886024	1	9765293	1	0.0	0.0
80.657196	86.31523	0	9765293	1	0.006020534	-0.0049974006
80.1917	85.98207	2	9765293	1	0.01175703	-0.0011183013
80.46736	86.00606	3	9765293	1	0.008359961	-0.0013975878
80.37721	85.34393	0	9765294	1	0.009470913	0.006311753
81.14574	85.886024	1	9765294	1	0.0	0.0
79.34615	85.2743	2	9765294	1	0.022177178	0.007122519
81.21414	86.212814	3	9765294	1	-0.00084299134	-0.0038049247
80.21297	84.60834	0	9765296	1	0.011494994	0.014876543
81.14574	85.886024	1	9765296	1	0.0	0.0
80.52003	85.42306	2	9765296	1	0.0077109355	0.00539048
80.183	85.71777	3	9765296	1	0.011864308	0.0019590037
80.86375	85.85182	0	9765299	1	0.003475106	0.00039823214
81.14574	85.886024	1	9765299	1	0.0	0.0
79.82991	85.846695	2	9765299	1	0.016215594	0.000457927
80.80185	86.52199	3	9765299	1	0.0042378977	-0.007404737
81.14574	85.886024	1	9765304	1	0.0	0.0
79.07924	85.180664	2	9765304	1	0.025466498	0.00821275
80.073135	85.93996	0	9765304	1	0.013218209	-0.0006279507
80.61475	85.88771	3	9765304	1	0.006543572	-1.9631787e-05
80.93373	85.714516	0	9765315	1	0.0026126525	0.0019969349
81.14574	85.886024	1	9765315	1	0.0	0.0
79.88625	85.09865	2	9765315	1	0.015521251	0.00916769
80.64935	86.77313	3	9765315	1	0.0061171874	-0.010328896
80.58449	85.93619	0	9765319	1	0.006916553	-0.0005840679
81.14574	85.886024	1	9765319	1	0.0	0.0
79.9606	85.77232	2	9765319	1	0.014605017	0.0013238576
80.58609	84.558426	3	9765319	1	0.0068968083	0.015457679
81.02638	86.11586	0	9765329	1	0.0014708629	-0.0026760525
81.14574	85.886024	1	9765329	1	0.0	0.0
80.212135	84.877975	2	9765329	1	0.011505242	0.011737055
80.42909	86.13635	3	9765329	1	0.008831571	-0.0029146543
80.57156	86.27931	0	9765346	1	0.0070758243	-0.004579181
81.14574	85.886024	1	9765346	1	0.0	0.0
80.36119	85.382324	2	9765346	1	0.009668357	0.0058647525
80.81246	85.80626	3	9765346	1	0.0041071144	0.00092873455
81.04313	86.04679	0	9765348	1	0.0012644869	-0.0018718599
81.14574	85.886024	1	9765348	1	0.0	0.0
79.75654	84.593475	2	9765348	1	0.017119793	0.015049586
80.57806	85.6926	3	9765348	1	0.0069958125	0.002252148
79.61977	86.37103	0	9765359	1	0.018805306	-0.005647115
80.55733	86.48984	2	9765359	1	0.0072512673	-0.007030401
81.14574	85.886024	1	9765359	1	0.0	0.0
80.73181	86.222946	3	9765359	1	0.0051010093	-0.003922893
80.75073	84.871445	0	9765423	1	0.0048678378	0.011813095
81.14574	85.886024	1	9765423	1	0.0	0.0
81.178696	85.85316	2	9765423	1	-0.00040617026	0.00038268662
80.67902	85.236404	3	9765423	1	0.00575154	0.0075637456
79.996605	85.484924	0	9765431	1	0.0141613325	0.0046701445
80.40264	85.20478	2	9765431	1	0.009157541	0.007931953
81.14574	85.886024	1	9765431	1	0.0	0.0
80.50375	85.06018	3	9765431	1	0.007911482	0.009615579
80.69763	85.63342	0	9765536	1	0.005522223	0.002941126
81.14574	85.886024	1	9765536	1	0.0	0.0
80.6317	84.624115	2	9765536	1	0.0063347514	0.014692838
81.06141	85.54149	3	9765536	1	0.0010392129	0.004011547
81.51907	86.40546	0	9765543	1	-0.0046008183	-0.006047923
81.14574	85.886024	1	9765543	1	0.0	0.0
81.24649	85.91868	2	9765543	1	-0.00124164	-0.00038019932
81.14961	85.91771	3	9765543	1	-4.7762613e-05	-0.0003689177
80.18421	85.21228	0	9765565	1	0.011849359	0.007844632
81.14574	85.886024	1	9765565	1	0.0	0.0
80.48498	85.262474	2	9765565	1	0.008142867	0.007260208
81.34802	86.12811	3	9765565	1	-0.00249287	-0.002818716
81.14574	85.886024	1	9765570	1	0.0	0.0
81.13719	85.758194	2	9765570	1	0.0001053034	0.0014883737
81.21091	85.97621	0	9765570	1	-0.00080312643	-0.0010500785
81.09929	85.8897	3	9765570	1	0.0005723992	-4.281684e-05
80.41296	85.286125	0	9765571	1	0.009030425	0.0069848304
81.14574	85.886024	1	9765571	1	0.0	0.0
79.88666	84.36287	2	9765571	1	0.015516268	0.017734611
81.22223	85.81627	3	9765571	1	-0.00094265345	0.0008121875
81.14574	85.886024	1	9765577	1	0.0	0.0
81.34749	86.05753	0	9765577	1	-0.0024862885	-0.0019969349
80.90574	85.746704	2	9765577	1	0.0029576153	0.0016221541
80.739975	85.9405	3	9765577	1	0.0050004073	-0.00063425774
80.95685	85.9681	0	9765580	1	0.0023277693	-0.0009556505
81.14574	85.886024	1	9765580	1	0.0	0.0
80.9263	85.47646	2	9765580	1	0.002704229	0.004768659
80.60048	85.82498	3	9765580	1	0.006719485	0.0007107418
80.9867	85.640724	0	9765592	1	0.0019598654	0.0028561142
81.14574	85.886024	1	9765592	1	0.0	0.0
81.20222	85.75523	2	9765592	1	-0.0006960367	0.0015228405
81.243195	85.65202	3	9765592	1	-0.0012010229	0.0027245546
81.13315	85.84416	0	9765595	1	0.00015513448	0.00048741908
81.14574	85.886024	1	9765595	1	0.0	0.0
81.32783	85.63159	2	9765595	1	-0.0022439966	0.0029624456
80.97792	85.56004	3	9765595	1	0.0020680835	0.0037955085
81.06331	85.35692	2	9765597	1	0.0010158017	0.0061605615
80.947586	85.44047	0	9765597	1	0.0024419106	0.0051877666
81.14574	85.886024	1	9765597	1	0.0	0.0
80.83897	85.755005	3	9765597	1	0.003780486	0.0015255053
80.84306	85.21384	0	9765659	1	0.0037299967	0.00782651
81.14574	85.886024	1	9765659	1	0.0	0.0
80.90663	85.179535	2	9765659	1	0.0029466148	0.008225896
81.22645	85.631	3	9765659	1	-0.000994647	0.0029693744
80.369095	85.43634	0	9765664	1	0.009570951	0.0052358243
81.14574	85.886024	1	9765664	1	0.0	0.0
80.56868	85.31654	2	9765664	1	0.007111364	0.0066306586
80.87399	85.46541	3	9765664	1	0.0033488362	0.004897376
80.81901	85.761765	0	9765688	1	0.0040264446	0.0014468005
81.14574	85.886024	1	9765688	1	0.0	0.0
80.40642	85.52285	2	9765688	1	0.009111	0.0042285626
81.24492	85.858154	3	9765688	1	-0.0012222716	0.0003245019
81.03177	86.22873	0	9765689	1	0.001404484	-0.0039902274
81.14574	85.886024	1	9765689	1	0.0	0.0
80.68265	85.050705	2	9765689	1	0.0057068802	0.009725908
81.06107	85.87753	3	9765689	1	0.0010433499	9.886959e-05
81.79918	85.83362	0	9765697	1	-0.008052701	0.0006101844
81.14574	85.886024	1	9765697	1	0.0	0.0
81.419655	85.829666	2	9765697	1	-0.003375632	0.0006561992
81.10919	85.63831	3	9765697	1	0.00045036006	0.002884185
81.06261	85.64775	0	9765739	1	0.0010244517	0.0027743003
81.14574	85.886024	1	9765739	1	0.0	0.0
80.97223	85.65863	2	9765739	1	0.002138223	0.0026476264
81.03047	85.64494	3	9765739	1	0.0014204676	0.0028069904
81.23445	85.84017	0	9765742	1	-0.0010932749	0.00053387805
81.14574	85.886024	1	9765742	1	0.0	0.0
81.64047	87.64009	2	9765742	1	-0.0060968786	-0.020423189
81.025375	85.85675	3	9765742	1	0.0014832736	0.00034084692
82.21114	86.337234	0	9765747	1	-0.013129547	-0.0052535906
81.14574	85.886024	1	9765747	1	0.0	0.0
81.78448	86.37001	2	9765747	1	-0.0078715235	-0.0056352112
81.16074	85.8522	3	9765747	1	-0.0001849391	0.00039379057
80.922165	85.6183	0	9765748	1	0.0027551882	0.0031171902
81.14574	85.886024	1	9765748	1	0.0	0.0
80.637695	84.82895	2	9765748	1	0.0062608514	0.012307887
81.54828	86.44029	3	9765748	1	-0.00496073	-0.006453528
80.2447	84.77281	0	9765751	1	0.011103962	0.012961511
81.14574	85.886024	1	9765751	1	0.0	0.0
80.271866	84.927536	2	9765751	1	0.010769153	0.011160005
80.965385	85.464806	3	9765751	1	0.0022225599	0.0049043936
80.445984	84.54596	0	9765754	1	0.008623408	0.01560283
81.14574	85.886024	1	9765754	1	0.0	0.0
80.02759	84.313156	2	9765754	1	0.013779514	0.018313438
80.25178	84.73535	3	9765754	1	0.01101671	0.013397673
80.35306	84.7823	0	9765755	1	0.009768583	0.012851004
81.14574	85.886024	1	9765755	1	0.0	0.0
79.88112	84.44386	2	9765755	1	0.015584527	0.016791575
80.44124	84.589966	3	9765755	1	0.008681889	0.015090449
81.006256	85.861404	0	9765763	1	0.0017188899	0.00028665963
81.14574	85.886024	1	9765763	1	0.0	0.0
81.19786	86.01039	2	9765763	1	-0.00064235076	-0.0014480442
81.01248	85.83497	3	9765763	1	0.0016421688	0.00059446116
81.14574	85.886024	1	9765770	1	0.0	0.0
81.624405	85.836624	0	9765770	1	-0.0058988705	0.0005751847
81.18962	85.680115	2	9765770	1	-0.0005408082	0.0023974765
81.11255	86.74924	3	9765770	1	0.0004089909	-0.010050676
81.51897	85.70715	0	9765772	1	-0.004599502	0.0020826573
81.14574	85.886024	1	9765772	1	0.0	0.0
81.387314	85.273224	2	9765772	1	-0.0029770776	0.0071350443
81.023056	85.42988	3	9765772	1	0.001511856	0.005311065
80.99071	85.91174	0	9765773	1	0.0019105045	-0.00029945138
81.14574	85.886024	1	9765773	1	0.0	0.0
80.6613	85.31918	2	9765773	1	0.0059699505	0.0065999227
81.370384	85.92464	3	9765773	1	-0.002768445	-0.00044957682
81.26661	85.48329	0	9765777	1	-0.001489573	0.0046891547
81.14574	85.886024	1	9765777	1	0.0	0.0
80.928314	85.136375	2	9765777	1	0.0026794074	0.008728418
80.886475	85.31528	3	9765777	1	0.003195018	0.0066454047
80.88475	85.43488	0	9765781	1	0.0032162666	0.005252791
81.14574	85.886024	1	9765781	1	0.0	0.0
80.90703	85.26793	2	9765781	1	0.0029417258	0.0071966937
80.78574	85.181274	3	9765781	1	0.0044363756	0.008205643
81.4412	85.65409	0	9765782	1	-0.0036411472	0.002700481
81.14574	85.886024	1	9765782	1	0.0	0.0
80.79982	85.19566	2	9765782	1	0.0042629074	0.008038106
81.20137	85.58763	3	9765782	1	-0.00068560033	0.0034742935
81.14574	85.886024	1	9765792	1	0.0	0.0
81.16817	85.303665	2	9765792	1	-0.00027642143	0.006780606
81.325516	85.35854	0	9765792	1	-0.0022155084	0.0061416402
80.83045	85.11429	3	9765792	1	0.0038854133	0.008985585
80.48778	84.95843	0	9765793	1	0.008108362	0.010800326
81.14574	85.886024	1	9765793	1	0.0	0.0
80.34105	84.966415	2	9765793	1	0.009916572	0.010707319
80.91272	85.08449	3	9765793	1	0.002871586	0.009332561
81.14574	85.886024	1	9765795	1	0.0	0.0
80.8743	85.15537	0	9765795	1	0.0033450753	0.008507227
81.01108	85.148544	2	9765795	1	0.0016594687	0.008586731
81.263916	85.74912	3	9765795	1	-0.0014563836	0.0015939946
81.305	85.63304	0	9765796	1	-0.0019626862	0.0029455677
81.14574	85.886024	1	9765796	1	0.0	0.0
81.158875	85.47389	2	9765796	1	-0.00016190397	0.0047985953
81.165955	85.4048	3	9765796	1	-0.00024915536	0.0056030545
81.14574	85.886024	1	9765807	1	0.0	0.0
81.15225	85.67772	0	9765807	1	-8.0293845e-05	0.0024253696
81.07692	85.59883	2	9765807	1	0.00084806845	0.0033438886
81.0963	85.64557	3	9765807	1	0.0006092554	0.002799706
