Row Barcode	Start	Stop	Row Barcode IDs	Odds Ratio Repeat 1	Odds Ratio Repeat 2	Odds Ratio Repeat 3
ACACAGGACAGGAACTTGGA	chr12:9,756,355	9,756,374	CD69-BE-coding2	0.105082294	-0.215725502	-0.011826926
AGAGAACAGCTCTTTGCATC	chr12:9,760,775	9,760,794	CD69-BE-coding1	-0.079711259	0.011949987	0.121817406
ATATTATGCCTTCAATTATA	chr12:9,763,114	9,763,133	CD69-BE-15	-0.135877962	0.339934464	-0.193466631
TATGCCTTCAATTATATGGA	chr12:9,763,118	9,763,137	CD69-BE-8	-0.238144456	0.190286709	-0.199265861
ATGCCTTCAATTATATGGAA	chr12:9,763,119	9,763,138	CD69-BE-5	-0.210674731	-0.190813073	-0.137588063
ACTCCCTTCCATATAATTGA	chr12:9,763,125	9,763,144	CD69-BE-12	-0.186583589	0.130864085	-0.065449749
TATGGAAGGGAGTGACAGTT	chr12:9,763,132	9,763,151	CD69-BE-13	0.361887219	-0.286441114	0.095212691
AAAGTTCCTCATTTGATGTA	chr12:9,763,173	9,763,192	CD69-BE-10	-0.231823523	-0.300459977	-0.25249072
TGAATGCCTTACATCAAATG	chr12:9,763,182	9,763,201	CD69-BE-4	-0.193661451	-0.246172625	-0.11928945
TCCGTCTGAGAAAGAGACAG	chr12:9,763,259	9,763,278	CD69-BE-1	-0.00457404	0.130046249	-0.056293734
TCCTCTGTCTCTTTCTCAGA	chr12:9,763,263	9,763,282	CD69-BE-11	-0.007657076	-0.159271853	0.033769156
AAACTGCTAGAGGTGGTTGT	chr12:9,763,297	9,763,316	CD69-BE-9	-0.231392051	-0.065886233	-0.176956349
ACCATGAAAACTGCTAGAGG	chr12:9,763,304	9,763,323	CD69-BE-2	-0.005010559	-0.242079999	0.095791614
AGTACCATGAAAACTGCTAG	chr12:9,763,307	9,763,326	CD69-BE-3	-0.215729171	0.061126692	-0.06359722
TACTAAGACTCATTTGCTCA	chr12:9,763,323	9,763,342	CD69-BE-7		-0.115233171	-0.096920162
CACATCCATTAACTTGATTA	chr12:9,763,365	9,763,384	CD69-BE-14	-0.253525364	0.031692276	-0.130949757
CACACACATCTAGTGTGCAC	chr12:9,763,393	9,763,412	CD69-BE-6	-0.340185855	-0.483247168	0.026636583
CGTGTAGAGATATGTTTCTT	chr12:9,764,369	9,764,388	CD69-BE-85	-0.335332266	0.053362227	-0.09922302
GAAATTCCAGAGAAAAACAA	chr12:9,764,390	9,764,409	CD69-BE-31	-0.132150099	-0.340973085	-0.35859423
AAAAACAAAGGAAAGTGTAG	chr12:9,764,402	9,764,421	CD69-BE-74	-0.384529244	-0.230814172	-0.208587737
AAAACAAAGGAAAGTGTAGA	chr12:9,764,403	9,764,422	CD69-BE-50	-0.326362706	-0.064099309	-0.15805939
TAGAGGGTCAAGATGCAGTG	chr12:9,764,419	9,764,438	CD69-BE-28	0.049046115	0.583789932	-0.057877143
AGAGGGTCAAGATGCAGTGT	chr12:9,764,420	9,764,439	CD69-BE-24	-0.184474978	-0.215693273	-0.072389235
GATGCAGTGTGGGAGAGATT	chr12:9,764,430	9,764,449	CD69-BE-89	-0.209384744	0.090636458	-0.322372905
TGCAGTGTGGGAGAGATTTG	chr12:9,764,432	9,764,451	CD69-BE-40	0.126741237	0.214880884	-0.01578532
GCAGTGTGGGAGAGATTTGG	chr12:9,764,433	9,764,452	CD69-BE-18	0.094712926	0.01399391	0.016477527
ACATGGAAGCAAACTTATTG	chr12:9,764,494	9,764,513	CD69-BE-73	-0.199728922	-0.178418613	-0.206592492
CTTATTGTGGTTAGCCCTGA	chr12:9,764,507	9,764,526	CD69-BE-78	-0.404958667	-0.177880926	-0.185932506
TTATTGTGGTTAGCCCTGAT	chr12:9,764,508	9,764,527	CD69-BE-71	-0.269460515	-0.233199475	-0.127240978
TAAGAGAACTAAACCCATCA	chr12:9,764,524	9,764,543	CD69-BE-56	-0.115048131	-0.276012608	-0.015101056
TTAAGAGAACTAAACCCATC	chr12:9,764,525	9,764,544	CD69-BE-83	-0.342067038	0.5401438	-0.082375138
GAAAGGGGTTTGCTTGCACA	chr12:9,764,574	9,764,593	CD69-BE-47	-0.218102246	0.182470566	-0.159827741
ACCTCTTTATAAAACACAGA	chr12:9,764,595	9,764,614	CD69-BE-51	-0.187949947	-0.03148233	-0.119576044
CTGAGAAAATAGTATAGCCG	chr12:9,764,739	9,764,758	CD69-BE-30	-0.225576096	0.40883124	0.058570249
GAGGCTTAGAGAAATTAGTG	chr12:9,764,758	9,764,777	CD69-BE-23	-0.494048651	-0.196277765	-0.235926194
GCACTAATTTCTCTAAGCCT	chr12:9,764,759	9,764,778	CD69-BE-35	-0.03567214	0.024762763	-0.356383789
AGGCTTAGAGAAATTAGTGC	chr12:9,764,759	9,764,778	CD69-BE-57	-0.204783727	-0.499862816	-0.137140196
GGCTTAGAGAAATTAGTGCG	chr12:9,764,760	9,764,779	CD69-BE-22	0.054265223	-0.0496256	0.070025612
GAGAAATTAGTGCGGGGACA	chr12:9,764,766	9,764,785	CD69-BE-45	0.081461986	-0.100221615	0.040686045
AATTAGTGCGGGGACAAGGT	chr12:9,764,770	9,764,789	CD69-BE-52	0.201339212	0.048418599	0.242365072
AAGGTTGGCAAAAGTCTTTC	chr12:9,764,785	9,764,804	CD69-BE-94	0.197885367	0.040596458	0.139991839
ACATATAAGGTCACACAGGA	chr12:9,764,834	9,764,853	CD69-BE-39	0.229904858	0.2500409	0.116901409
TTCTACATATAAGGTCACAC	chr12:9,764,838	9,764,857	CD69-BE-29	0.55102484	0.463805365	0.353763887
TGACCTTATATGTAGAATCC	chr12:9,764,841	9,764,860	CD69-BE-60	0.28029951	0.127341182	0.423512236
GACCTTATATGTAGAATCCA	chr12:9,764,842	9,764,861	CD69-BE-37	0.271577393	0.343740812	0.279415374
CACCCTGGATTCTACATATA	chr12:9,764,847	9,764,866	CD69-BE-92	-0.015150897	0.172751147	-0.041378556
TCCAGGGTGAGACGTCAGAA	chr12:9,764,858	9,764,877	CD69-BE-49	-0.106665362	-0.295644993	0.04865878
TCCTTTCTGACGTCTCACCC	chr12:9,764,862	9,764,881	CD69-BE-98		0.14095873	0.430688649
TCAGAAAGGAAGTAAAGATG	chr12:9,764,872	9,764,891	CD69-BE-27	-0.517318143	-0.166245356	-0.158849247
AGATGCAAAGTGTGCAGAGA	chr12:9,764,906	9,764,925	CD69-BE-99	-0.187360579	-0.227503451	-0.15178797
TGCAAAGTGTGCAGAGAAGG	chr12:9,764,909	9,764,928	CD69-BE-97	0.605385575	0.56287001	0.607479349
GCAAAGTGTGCAGAGAAGGT	chr12:9,764,910	9,764,929	CD69-BE-96	1.14520253	0.593218948	0.780513748
CAAAGTGTGCAGAGAAGGTG	chr12:9,764,911	9,764,930	CD69-BE-95	0.951589626	0.343763495	0.763021032
TATCAGACAGCTGCAGCAGC	chr12:9,764,945	9,764,964	CD69-BE-70	1.466710708	1.311688521	0.995655549
TGTCTTAGGTCGGAAGTCTG	chr12:9,764,998	9,765,017	CD69-BE-21	0.936040732	0.235452049	0.772715715
CTCCGGAAATTGTCTTAGGT	chr12:9,765,008	9,765,027	CD69-BE-69	0.48037022	0.182270856	0.504649449
TTGTCTCCGGAAATTGTCTT	chr12:9,765,012	9,765,031	CD69-BE-66	0.626073001	0.60615931	0.651108924
AGAGATGAGCAGTTTGTCTC	chr12:9,765,025	9,765,044	CD69-BE-59	0.341470258	0.595583649	0.168043262
TTCCTTTCAGTGGGTGAATT	chr12:9,765,057	9,765,076	CD69-BE-91	0.031648686	-0.10571895	0.069538685
AACCTAATTCACCCACTGAA	chr12:9,765,062	9,765,081	CD69-BE-38	-0.061862593	-0.045147752	-0.17802104
GGGTGAATTAGGTTTCTGAA	chr12:9,765,068	9,765,087	CD69-BE-34	0.048425929	0.191615582	0.214959789
AATTTGCATTAATTTGAGAG	chr12:9,765,140	9,765,159	CD69-BE-54	-0.418348917	0.042395342	-0.209078085
TTAATGCAAATTACACAAAT	chr12:9,765,148	9,765,167	CD69-BE-93	-0.272483815	0.021141288	-0.15003632
AAAAACACAAAGGCACCTGC	chr12:9,765,190	9,765,209	CD69-BE-62	-0.155427231	-0.258395342	0.003220444
TAAACAATTCAAAAACACAA	chr12:9,765,200	9,765,219	CD69-BE-17	0.02420051	-0.177267969	-0.134628182
TTTGAATTGTTTACCGTAAA	chr12:9,765,207	9,765,226	CD69-BE-88	-0.581420225	-0.127001005	-0.144705139
TTACCGTAAAGGGTCAATGA	chr12:9,765,217	9,765,236	CD69-BE-46	-0.012901264	-0.421110288	-0.053943629
TGAAGGTAACCATGAGTAAA	chr12:9,765,234	9,765,253	CD69-BE-87	-0.294852571	0.088358056	-0.13836869
GAAGGTAACCATGAGTAAAC	chr12:9,765,235	9,765,254	CD69-BE-82	-0.200006262	-0.000930184	-0.25016092
AAGGTAACCATGAGTAAACG	chr12:9,765,236	9,765,255	CD69-BE-19	-0.151092602	-0.359326157	-0.144082208
AGGTAACCATGAGTAAACGG	chr12:9,765,237	9,765,256	CD69-BE-16	-0.294649186	-0.419428623	-0.105294829
GGAAATCCCCCGTTTACTCA	chr12:9,765,246	9,765,265	CD69-BE-55	0.031837198	-0.009425283	0.190816484
GGTTGGAAAGTGTTTAAAAC	chr12:9,765,267	9,765,286	CD69-BE-80	-0.090682148	0.275003999	-0.040505545
ACTTGAAGAGGACAGAAGGT	chr12:9,765,284	9,765,303	CD69-BE-48	0.694361204	0.245562495	0.634471393
AAAGACTTGAAGAGGACAGA	chr12:9,765,288	9,765,307	CD69-BE-36	-0.122835645	-0.055925585	-0.050790234
GAAAGTTCAAAGACTTGAAG	chr12:9,765,296	9,765,315	CD69-BE-61	0.078944416	-0.421598682	0.010585538
TTTCTAACTTTCCTCTTCAA	chr12:9,765,312	9,765,331	CD69-BE-86	-0.047822084	0.081973069	-0.093396678
TTTCAGATGTTCCATTGAAG	chr12:9,765,326	9,765,345	CD69-BE-53	0.133883842	0.153166658	0.239839483
TGAAACACAAAAAATGAGCT	chr12:9,765,341	9,765,360	CD69-BE-64	-0.414083487	-0.207721091	-0.010939929
TGAGCTTGGAAAGTGTGAGC	chr12:9,765,355	9,765,374	CD69-BE-44	0.068782495	-0.003779613	0.080509384
TGCTTGTGTACACACAAGCT	chr12:9,765,421	9,765,440	CD69-BE-41	-0.25594594	-0.224604346	-0.169567603
TTAGGTAAAGTACTCAGACA	chr12:9,765,533	9,765,552	CD69-BE-25	-0.318374851	-0.159821603	-0.092940496
ATGTTGTATATGGATAAGTC	chr12:9,765,563	9,765,582	CD69-BE-63	-0.183993657	-0.304925627	-0.18840692
GTCTCCAAAAATGTTGTATA	chr12:9,765,573	9,765,592	CD69-BE-90	-0.438050748	-0.028097713	-0.215690483
GAGACTACTCTCAAAGATAA	chr12:9,765,588	9,765,607	CD69-BE-72	-0.032652045	-0.143054434	-0.025589749
GCCTACCTTAAAATTCTATA	chr12:9,765,633	9,765,652	CD69-BE-81	-0.291416434	0.129931641	-0.181662889
TTTAAGGTAGGCCGGGGTCT	chr12:9,765,641	9,765,660	CD69-BE-76	-0.192596954	0.027831854	-0.251685948
TAGCATAGTAGCCCAGACCC	chr12:9,765,655	9,765,674	CD69-BE-26	0.231130998	0.817622015	0.411471328
AAAATGTATCCAATTGTACT	chr12:9,765,679	9,765,698	CD69-BE-65	-0.46403667	-0.156439271	-0.242291503
AAACAAGATCCAAGTACAAT	chr12:9,765,691	9,765,710	CD69-BE-84	-0.160298586	-0.344788698	-0.129711113
ACTGCTTATCCCACTTCCTG	chr12:9,765,738	9,765,757	CD69-BE-33	-0.026302762	-0.259693575	-0.142085661
CACACAGATCCACAGGAAGT	chr12:9,765,750	9,765,769	CD69-BE-32	-0.221797557	0.12614005	-0.086639142
GCACACAGATCCACAGGAAG	chr12:9,765,751	9,765,770	CD69-BE-67	-0.08951565	-0.46238991	-0.086845678
TTAGGTGCACACAGATCCAC	chr12:9,765,757	9,765,776	CD69-BE-42	-0.043715341	-0.103663864	0.088488004
TGTGTGCACCTAACATACCT	chr12:9,765,764	9,765,783	CD69-BE-43	-0.401937782	0.31536294	-0.037137952
AGGCATTTCCTAGGTATGTT	chr12:9,765,775	9,765,794	CD69-BE-79	-0.396177593	-0.253581251	-0.158532691
CATACCTAGGAAATGCCTCC	chr12:9,765,777	9,765,796	CD69-BE-68	-0.085375708	0.098997677	-0.17969717
ACCTAGGAAATGCCTCCAGG	chr12:9,765,780	9,765,799	CD69-BE-20	0.104285711	-0.188193178	0.081057607
TCCACCTGGAGGCATTTCCT	chr12:9,765,784	9,765,803	CD69-BE-75	-0.217621384	-0.08850001	-0.084674013
CTCCAGGTGGATGACATTCT	chr12:9,765,793	9,765,812	CD69-BE-77	-0.111218868	-0.273130575	-0.02609645
GTCCCAGAATGTCATCCACC	chr12:9,765,798	9,765,817	CD69-BE-58	0.069256536	0.071986958	-0.271993184
